1,宜蘭縣,寒溪巷-AP1,5-大同鄉-寒溪巷部落-寒溪巷-AP1,24.60937,121.68653,
2,宜蘭縣,寒溪巷-AP2,5-大同鄉-寒溪巷部落-寒溪巷-AP2,24.6106,121.68778,
3,宜蘭縣,寒溪巷-AP3,5-大同鄉-寒溪巷部落-寒溪巷-AP3,24.61054,121.6887,1
4,宜蘭縣,寒溪巷-AP4,5-大同鄉-寒溪巷部落-寒溪巷-AP4,24.60926,121.68831,
5,宜蘭縣,寒溪巷-AP5,5-大同鄉-寒溪巷部落-寒溪巷-AP5,24.60979,121.68765,
6,宜蘭縣,寒溪巷-AP6,5-大同鄉-寒溪巷部落-寒溪巷-AP6,24.60755,121.68672,
7,宜蘭縣,碼崙-AP1,5-大同鄉-碼崙部落-碼崙-AP1,24.59928,121.5299,1
8,宜蘭縣,碼崙-AP2,5-大同鄉-碼崙部落-碼崙-AP2,24.60006,121.52954,
9,宜蘭縣,碼崙-AP3,5-大同鄉-碼崙部落-碼崙-AP3,24.59958,121.52898,
10,宜蘭縣,四季-AP3,3-大同鄉-四季部落-四季-AP3,24.48734,121.4263,1
11,宜蘭縣,四季-AP1,3-大同鄉-四季部落-四季-AP1,24.48714,121.42543,
12,宜蘭縣,四季-AP2,3-大同鄉-四季部落-四季-AP2,24.48631,121.42586,
13,宜蘭縣,四季-AP4,3-大同鄉-四季部落-四季-AP4,24.48635,121.42883,
14,宜蘭縣,四季-AP5,3-大同鄉-四季部落-四季-AP5,24.486,121.42986,
15,宜蘭縣,四季-AP6,3-大同鄉-四季部落-四季-AP6,24.48517,121.42993,
16,宜蘭縣,南山-AP3,3-大同鄉-南山部落-南山-AP3,24.43713,121.37933,1
17,宜蘭縣,南山-AP1,3-大同鄉-南山部落-南山-AP1,24.43527,121.37887,1
18,宜蘭縣,南山-AP2,3-大同鄉-南山部落-南山-AP2,24.43645,121.37994,
19,宜蘭縣,南山-AP4,3-大同鄉-南山部落-南山-AP4,24.43719,121.38059,
20,宜蘭縣,南山-AP5,3-大同鄉-南山部落-南山-AP5,24.43792,121.37939,
21,宜蘭縣,南山-AP6,3-大同鄉-南山部落-南山-AP6,24.43923,121.38078,
22,宜蘭縣,YL-BYH-AP1,"4-南澳鄉-比亞豪部落-YL-BYH-AP1",24.474372,121.78584,
23,宜蘭縣,YL-BYH-AP2,"4-南澳鄉-比亞豪部落-YL-BYH-AP2",24.474442,121.785376,
24,宜蘭縣,YL-BYH-AP3,"4-南澳鄉-比亞豪部落-YL-BYH-AP3",24.475285,121.786271,
25,宜蘭縣,YL-BYH-AP4,"4-南澳鄉-比亞豪部落-YL-BYH-AP4",24.475385,121.787121,
26,宜蘭縣,YL-BYH-AP5,"4-南澳鄉-比亞豪部落-YL-BYH-AP5",24.474545,121.78657,
27,宜蘭縣,YL-BYH-AP6,"4-南澳鄉-比亞豪部落-YL-BYH-AP6",24.474197,121.786564,
28,宜蘭縣,YL-JY-AP1,"1-南澳鄉-金岳部落-YL-JY-AP1",24.47065,121.77599,
29,宜蘭縣,YL-JY-AP2,"1-南澳鄉-金岳部落-YL-JY-AP2",24.47064,121.77607,
30,宜蘭縣,YL-JY-AP3,"1-南澳鄉-金岳部落-YL-JY-AP3",24.47098,121.7763,
31,宜蘭縣,YL-JY-AP4,"1-南澳鄉-金岳部落-YL-JY-AP4",24.47096,121.77643,
32,宜蘭縣,YL-JY-AP5,"1-南澳鄉-金岳部落-YL-JY-AP5",24.47078,121.77769,
33,宜蘭縣,YL-JY-AP6,"1-南澳鄉-金岳部落-YL-JY-AP6",24.47076,121.77782,
34,宜蘭縣,YL-LP-AP1,"4-大同鄉-崙埤部落-YL-LP-AP1",24.67655,121.609684,
35,宜蘭縣,YL-LP-AP2,"4-大同鄉-崙埤部落-YL-LP-AP2",24.676513,121.609058,
36,宜蘭縣,YL-LP-AP3,"4-大同鄉-崙埤部落-YL-LP-AP3",24.677543,121.609334,
37,宜蘭縣,YL-LP-AP4,"4-大同鄉-崙埤部落-YL-LP-AP4",24.677078,121.608947,
38,宜蘭縣,YL-LP-AP5,"4-大同鄉-崙埤部落-YL-LP-AP5",24.677851,121.608524,
39,宜蘭縣,YL-LP-AP6,"4-大同鄉-崙埤部落-YL-LP-AP6",24.682867,121.606871,
40,花蓮縣,春日-AP1,5-玉里鎮-春日部落-春日-AP1,23.45429,121.39668,
41,花蓮縣,春日-AP2,5-玉里鎮-春日部落-春日-AP2,23.45383,121.39579,1
42,花蓮縣,春日-AP3,5-玉里鎮-春日部落-春日-AP3,23.45499,121.39577,
43,花蓮縣,春日-AP4,5-玉里鎮-春日部落-春日-AP4,23.45515,121.39498,
44,花蓮縣,阿飛赫-AP1,5-玉里鎮-阿飛赫部落-阿飛赫-AP1,23.34556,121.34521,1
45,花蓮縣,阿飛赫-AP2,5-玉里鎮-阿飛赫部落-阿飛赫-AP2,23.34503,121.34433,
46,花蓮縣,阿飛赫-AP3,5-玉里鎮-阿飛赫部落-阿飛赫-AP3,23.3464,121.34374,
47,花蓮縣,撤固兒-AP1,5-花蓮市-撤固兒部落-撤固兒-AP1,24.01027,121.58209,1
48,花蓮縣,撤固兒-AP2,5-花蓮市-撤固兒部落-撤固兒-AP2,24.01252,121.58667,
49,花蓮縣,撤固兒-AP3,5-花蓮市-撤固兒部落-撤固兒-AP3,24.00888,121.5793,
50,花蓮縣,撤固兒-AP4,5-花蓮市-撤固兒部落-撤固兒-AP4,24.00888,121.57798,
51,花蓮縣,撤固兒-AP5,5-花蓮市-撤固兒部落-撤固兒-AP5,24.01034,121.57928,
52,花蓮縣,克奧灣-AP1,5-秀林鄉-克奧灣部落-克奧灣-AP1,24.08265,121.60714,1
53,花蓮縣,克奧灣-AP3,5-秀林鄉-克奧灣部落-克奧灣-AP3,24.08113,121.60634,
54,花蓮縣,克奧灣-AP2,5-秀林鄉-克奧灣部落-克奧灣-AP2,24.08511,121.60846,
55,花蓮縣,克奧灣-AP4,5-秀林鄉-克奧灣部落-克奧灣-AP4,24.07909,121.6058,
56,花蓮縣,克奧灣-AP5,5-秀林鄉-克奧灣部落-克奧灣-AP5,24.07749,121.60569,
57,花蓮縣,克奧灣-AP4,5-秀林鄉-克奧灣部落-克奧灣-AP4,24.07909,121.6058,
58,花蓮縣,克奧灣-AP5,5-秀林鄉-克奧灣部落-克奧灣-AP5,24.07749,121.60569,
59,花蓮縣,白端-AP1,5-卓溪鄉-白端部落-白端-AP1,23.24973,121.27345,
60,花蓮縣,白端-AP2,5-卓溪鄉-白端部落-白端-AP2,23.25146,121.2742,
61,花蓮縣,白端-AP3,5-卓溪鄉-白端部落-白端-AP3,23.25157,121.27313,1
62,花蓮縣,姆拉丁-AP1,5-富里鄉-姆拉丁部落-姆拉丁-AP1,23.25331,121.2991,1
63,花蓮縣,姆拉丁-AP2,5-富里鄉-姆拉丁部落-姆拉丁-AP2,23.25282,121.29951,
64,花蓮縣,姆拉丁-AP3,5-富里鄉-姆拉丁部落-姆拉丁-AP3,23.25381,121.29678,
65,花蓮縣,新城-AP1,5-新城區-新城部落-新城-AP1,24.12911,121.65,
66,花蓮縣,新城-AP3,5-新城區-新城部落-新城-AP3,24.12828,121.65131,
67,花蓮縣,新城-AP2,5-新城區-新城部落-新城-AP2,24.12587,121.6527,
68,花蓮縣,新城-AP4,5-新城區-新城部落-新城-AP4,24.12679,121.65136,1
69,花蓮縣,新城-AP5,5-新城區-新城部落-新城-AP5,24.12532,121.65074,
70,花蓮縣,牧魯棧-AP1,5-瑞穗鄉-牧魯棧部落-牧魯棧-AP1,23.57338,121.37441,1
71,花蓮縣,牧魯棧-AP2,5-瑞穗鄉-牧魯棧部落-牧魯棧-AP2,23.57392,121.37039,
72,花蓮縣,牧魯棧-AP3,5-瑞穗鄉-牧魯棧部落-牧魯棧-AP3,23.57629,121.37554,
73,花蓮縣,山興-AP1,5-鳳林鎮-山興部落-山興-AP1,23.72814,121.49858,
74,花蓮縣,山興-AP2,5-鳳林鎮-山興部落-山興-AP2,23.72657,121.49874,1
75,花蓮縣,山興-AP3,5-鳳林鎮-山興部落-山興-AP3,23.72632,121.50033,
76,花蓮縣,山興-AP4,5-鳳林鎮-山興部落-山興-AP4,23.72531,121.50017,
77,花蓮縣,布拉旦-AP3,2-秀林鄉-布拉旦部落-布拉旦-AP3,24.10243,121.60644,
78,花蓮縣,布拉旦-AP4,2-秀林鄉-布拉旦部落-布拉旦-AP4,24.10182,121.60711,
79,花蓮縣,布拉旦-AP2,2-秀林鄉-布拉旦部落-布拉旦-AP2,24.10227,121.6052,
80,花蓮縣,布拉旦-AP1,2-秀林鄉-布拉旦部落-布拉旦-AP1,24.10143,121.6064,1
81,花蓮縣,布拉旦-AP5,2-秀林鄉-布拉旦部落-布拉旦-AP5,24.10207,121.60895,
82,花蓮縣,布拉旦-AP6,2-秀林鄉-布拉旦部落-布拉旦-AP6,24.10254,121.60964,
83,花蓮縣,秀林-AP2,2-秀林鄉-秀林部落-秀林-AP2,24.11954,121.62601,
84,花蓮縣,秀林-AP6,2-秀林鄉-秀林部落-秀林-AP6,24.12006,121.62657,
85,花蓮縣,秀林-AP3,2-秀林鄉-秀林部落-秀林-AP3,24.11889,121.62479,
86,花蓮縣,秀林-AP4,2-秀林鄉-秀林部落-秀林-AP4,24.11802,121.62409,
87,花蓮縣,秀林-AP5,2-秀林鄉-秀林部落-秀林-AP5,24.11783,121.62536,
88,花蓮縣,秀林-AP1,2-秀林鄉-秀林部落-秀林-AP1,24.12131,121.62788,
89,花蓮縣,得吉利-AP4,2-秀林鄉-得吉利部落-得吉利-AP4,24.15374,121.65076,
90,花蓮縣,得吉利-AP1,2-秀林鄉-得吉利部落-得吉利-AP1,24.15305,121.649,
91,花蓮縣,得吉利-AP2,2-秀林鄉-得吉利部落-得吉利-AP2,24.15245,121.64928,
92,花蓮縣,得吉利-AP3,2-秀林鄉-得吉利部落-得吉利-AP3,24.15399,121.64924,
93,花蓮縣,得吉利-AP5,2-秀林鄉-得吉利部落-得吉利-AP5,24.16857,121.65426,
94,花蓮縣,得吉利-AP6,2-秀林鄉-得吉利部落-得吉利-AP6,24.16774,121.6541,
95,花蓮縣,港口-AP1,2-豐濱鄉-港口部落-港口-AP1,23.47443,121.50369,1
96,花蓮縣,港口-AP2,2-豐濱鄉-港口部落-港口-AP2,23.47523,121.5046,
97,花蓮縣,港口-AP3,2-豐濱鄉-港口部落-港口-AP3,23.47561,121.50378,
98,花蓮縣,港口-AP4,2-豐濱鄉-港口部落-港口-AP4,23.47599,121.5026,
99,花蓮縣,港口-AP5,2-豐濱鄉-港口部落-港口-AP5,23.47533,121.50285,
100,花蓮縣,固祿-AP1,3-秀林鄉-固祿部落-固祿-AP1,24.14495,121.63226,
101,花蓮縣,固祿-AP2,3-秀林鄉-固祿部落-固祿-AP2,24.14389,121.63319,
102,花蓮縣,固祿-AP3,3-秀林鄉-固祿部落-固祿-AP3,24.14356,121.63219,
103,花蓮縣,固祿-AP4,3-秀林鄉-固祿部落-固祿-AP4,24.14247,121.63445,
104,花蓮縣,固祿-AP5,3-秀林鄉-固祿部落-固祿-AP5,24.14249,121.63305,
105,花蓮縣,紅葉-AP1,3-萬榮鄉-紅葉部落-紅葉-AP1,23.49571,121.34416,
106,花蓮縣,紅葉-AP2,3-萬榮鄉-紅葉部落-紅葉-AP2,23.49513,121.3444,
107,花蓮縣,紅葉-AP3,3-萬榮鄉-紅葉部落-紅葉-AP3,23.49483,121.34288,
108,花蓮縣,紅葉-AP4,3-萬榮鄉-紅葉部落-紅葉-AP4,23.49447,121.34126,1
109,花蓮縣,紅葉-AP5,3-萬榮鄉-紅葉部落-紅葉-AP5,23.49412,121.33977,
110,花蓮縣,紅葉-AP6,3-萬榮鄉-紅葉部落-紅葉-AP6,23.49381,121.33839,
111,花蓮縣,摩里莎卡-AP1,3-萬榮鄉-摩里莎卡部落-摩里莎卡-AP1,23.71444,121.41036,
112,花蓮縣,摩里莎卡-AP2,3-萬榮鄉-摩里莎卡部落-摩里莎卡-AP2,23.71487,121.40982,
113,花蓮縣,摩里莎卡-AP7,3-萬榮鄉-摩里莎卡部落-摩里莎卡-AP7,23.71478,121.41086,
114,花蓮縣,摩里莎卡-AP3,3-萬榮鄉-摩里莎卡部落-摩里莎卡-AP3,23.71595,121.41053,
115,花蓮縣,摩里莎卡-AP4,3-萬榮鄉-摩里莎卡部落-摩里莎卡-AP4,23.7164,121.40987,
116,花蓮縣,摩里莎卡-AP5,3-萬榮鄉-摩里莎卡部落-摩里莎卡-AP5,23.71556,121.40913,
117,花蓮縣,摩里莎卡-AP6,3-萬榮鄉-摩里莎卡部落-摩里莎卡-AP6,23.71688,121.40877,
118,花蓮縣,馬佛-AP1,3-光復鄉-馬佛部落-馬佛-AP1,23.63559,121.42936,
119,花蓮縣,馬佛-AP2,3-光復鄉-馬佛部落-馬佛-AP2,23.63705,121.42953,
120,花蓮縣,馬佛-AP3,3-光復鄉-馬佛部落-馬佛-AP3,23.63832,121.42912,
121,花蓮縣,馬佛-AP4,3-光復鄉-馬佛部落-馬佛-AP4,23.63879,121.42833,
122,花蓮縣,馬佛-AP5,3-光復鄉-馬佛部落-馬佛-AP5,23.64007,121.42894,
123,花蓮縣,馬佛-AP6,3-光復鄉-馬佛部落-馬佛-AP6,23.64128,121.42984,
124,花蓮縣,清水-AP3,3-卓溪鄉-清水部落-清水-AP3,23.27417,121.26338,
125,花蓮縣,清水-AP4,3-卓溪鄉-清水部落-清水-AP4,23.27437,121.26245,
126,花蓮縣,清水-AP5,3-卓溪鄉-清水部落-清水-AP5,23.27494,121.26352,
127,花蓮縣,清水-AP6,3-卓溪鄉-清水部落-清水-AP6,23.27527,121.26211,
128,花蓮縣,清水-AP1,3-卓溪鄉-清水部落-清水-AP1,23.27774,121.27196,
129,花蓮縣,清水-AP2,3-卓溪鄉-清水部落-清水-AP2,23.27699,121.27051,
130,花蓮縣,5C-001,花蓮1-秀林鄉-重光部落-5C-001,23.8939519,121.501348,
131,花蓮縣,5C-002,花蓮1-秀林鄉-重光部落-5C-002,23.893515,121.501552,
132,花蓮縣,5C-003,花蓮1-秀林鄉-重光部落-5C-003,23.892799,121.500841,
133,花蓮縣,5C-004,花蓮1-秀林鄉-重光部落-5C-004,23.892362,121.501292,
134,花蓮縣,5C-005,花蓮1-秀林鄉-重光部落-5C-005,23.893407,121.502032,
135,花蓮縣,5C-006,花蓮1-新城鄉-康樂部落-5C-006,24.042839,121.608954,
136,花蓮縣,5C-007,花蓮1-新城鄉-康樂部落-5C-007,24.043782,121.607763,
137,花蓮縣,5C-008,花蓮1-新城鄉-康樂部落-5C-008,24.041633,121.608276,
138,花蓮縣,5C-009,花蓮1-新城鄉-康樂部落-5C-009,24.043390,121.607254,
139,花蓮縣,5C-010,花蓮1-新城鄉-康樂部落-5C-010,24.040343,121.605041,
140,花蓮縣,5C-011,花蓮1-新城鄉-康樂部落-5C-011,24.04141,121.605863,
141,花蓮縣,5C-012,花蓮1-花蓮市-華東部落-5C-012,24.006956,121.632963,
142,花蓮縣,5C-013,花蓮1-花蓮市-華東部落-5C-013,24.006676,121.632766,
143,花蓮縣,5C-014,花蓮1-花蓮市-華東部落-5C-014,24.005195,121.632191,
144,花蓮縣,5C-015,花蓮1-花蓮市-華東部落-5C-015,24.007547,121.631199,
145,花蓮縣,5C-016,花蓮1-花蓮市-華東部落-5C-016,24.003570,121.632293,
146,花蓮縣,5C-017,花蓮1-吉安鄉-東昌部落-5C-017,23.9663389,121.5955692,
147,花蓮縣,5C-018,花蓮1-吉安鄉-東昌部落-5C-018,23.96589061,121.5955658,
148,花蓮縣,5C-019,花蓮1-吉安鄉-東昌部落-5C-019,23.96515469,121.5952765,
149,花蓮縣,5C-020,花蓮1-吉安鄉-東昌部落-5C-020,23.96465642,121.5936045,
150,花蓮縣,5C-021,花蓮1-吉安鄉-東昌部落-5C-021,23.963813,121.598241,
151,花蓮縣,5C-022,花蓮1-吉安鄉-東昌部落-5C-022,23.9640787,121.5978037,
152,花蓮縣,5C-023,花蓮1-吉安鄉-東昌部落-5C-023,23.96297119,121.598633,
153,花蓮縣,5C-024,花蓮1-吉安鄉-東昌部落-5C-024,23.96352512,121.5920403,
154,花蓮縣,5C-025,花蓮1-吉安鄉-東昌部落-5C-025,23.962922,121.596813,
155,花蓮縣,5C-026,花蓮1-吉安鄉-東昌部落-5C-026,23.96372573,121.5951766,
156,花蓮縣,5C-027,花蓮1-吉安鄉-南華部落-5C-027,23.954552,121.550866,
157,花蓮縣,5C-028,花蓮1-吉安鄉-南華部落-5C-028,23.954208,121.550613,
158,花蓮縣,5C-029,花蓮1-吉安鄉-南華部落-5C-029,23.955368,121.549339,
159,花蓮縣,5C-030,花蓮1-吉安鄉-南華部落-5C-030,23.952230,121.548373,
160,花蓮縣,5C-031,花蓮1-吉安鄉-南華部落-5C-031,23.953955,121.549113,
161,花蓮縣,5C-032,花蓮1-吉安鄉-南華部落-5C-032,23.951753,121.549318,
162,花蓮縣,5C-033,花蓮1-吉安鄉-南華部落-5C-033,23.953141,121.550006,
163,花蓮縣,5C-034,花蓮1-吉安鄉-小台東部落-5C-034,23.942964,121.563469,
164,花蓮縣,5C-035,花蓮1-吉安鄉-小台東部落-5C-035,23.942997,121.5644317,
165,花蓮縣,5C-036,花蓮1-吉安鄉-小台東部落-5C-036,23.955183,121.56822,
166,花蓮縣,5C-037,花蓮1-壽豐鄉-溪口部落-5C-037,23.8241049,121.4747113,
167,花蓮縣,5C-038,花蓮1-壽豐鄉-溪口部落-5C-038,23.8228049,121.4730113,
168,花蓮縣,5C-039,花蓮1-壽豐鄉-溪口部落-5C-039,23.8221049,121.4730113,
169,花蓮縣,5C-040,花蓮1-壽豐鄉-溪口部落-5C-040,23.8203548,121.4722075,
170,花蓮縣,5C-041,花蓮1-壽豐鄉-溪口部落-5C-041,23.8198049,121.4714113,
171,花蓮縣,5C-042,花蓮1-壽豐鄉-溪口部落-5C-042,23.8185049,121.4722113,
172,花蓮縣,5C-043,花蓮1-壽豐鄉-水璉部落-5C-043,23.784698,121.562092,
173,花蓮縣,5C-044,花蓮1-壽豐鄉-水璉部落-5C-044,23.783901,121.561412,
174,花蓮縣,5C-045,花蓮1-壽豐鄉-水璉部落-5C-045,23.780778,121.560335,
175,花蓮縣,5C-046,花蓮1-壽豐鄉-水璉部落-5C-046,23.783240,121.563163,
176,花蓮縣,5C-047,花蓮1-壽豐鄉-水璉部落-5C-047,23.783042,121.564221,
177,花蓮縣,5C-048,花蓮1-壽豐鄉-水璉部落-5C-048,23.783044,121.56422,
178,花蓮縣,5C-049,花蓮1-壽豐鄉-水璉部落-5C-049,23.783523,121.564675,
179,花蓮縣,5C-050,花蓮1-壽豐鄉-池南部落-5C-050,23.920980,121.505963,
180,花蓮縣,5C-051,花蓮1-壽豐鄉-池南部落-5C-051,23.919910,121.505911,
181,花蓮縣,5C-052,花蓮1-壽豐鄉-池南部落-5C-052,23.920736,121.503489,
182,花蓮縣,5C-053,花蓮1-壽豐鄉-池南部落-5C-053,23.915332,121.505655,
183,花蓮縣,5C-054,花蓮1-光復鄉-太巴塱部落-5C-054,23.660031,121.450524,
184,花蓮縣,5C-055,花蓮1-光復鄉-太巴塱部落-5C-055,23.659060,121.450636,
185,花蓮縣,5C-056,花蓮1-光復鄉-太巴塱部落-5C-056,23.658188,121.453968,
186,花蓮縣,5C-057,花蓮1-光復鄉-太巴塱部落-5C-057,23.656654,121.453402,
187,花蓮縣,5C-058,花蓮1-光復鄉-太巴塱部落-5C-058,23.660220,121.454728,
188,花蓮縣,5C-059,花蓮1-光復鄉-太巴塱部落-5C-059,23.656203,121.451646,
189,花蓮縣,5C-060,花蓮1-光復鄉-太巴塱部落-5C-060,23.655700,121.450122,
190,花蓮縣,5C-061,花蓮1-光復鄉-砂荖部落-5C-061,23.6430988,121.4487947,
191,花蓮縣,5C-062,花蓮1-光復鄉-砂荖部落-5C-062,23.6409565,121.4485902,
192,花蓮縣,5C-063,花蓮1-光復鄉-砂荖部落-5C-063,23.6420773,121.4514216,
193,花蓮縣,5C-064,花蓮1-光復鄉-砂荖部落-5C-064,23.6393243,121.4453531,
194,花蓮縣,5C-065,花蓮1-光復鄉-阿陶莫部落-5C-065,23.6676795,121.362579,
195,花蓮縣,5C-066,花蓮1-光復鄉-阿陶莫部落-5C-066,23.667433,121.471926,
196,花蓮縣,5C-067,花蓮1-光復鄉-阿陶莫部落-5C-067,23.6675463,121.471898,
197,花蓮縣,5C-068,花蓮1-光復鄉-阿陶莫部落-5C-068,23.6722002,121.4647855,
198,花蓮縣,5C-069,花蓮1-光復鄉-阿陶莫部落-5C-069,23.67168566,121.4647072,
199,花蓮縣,5C-070,花蓮1-萬榮鄉-固努安部落-5C-070,23.576422,121.362579,
200,花蓮縣,5C-071,花蓮1-萬榮鄉-固努安部落-5C-071,23.576812,121.3627,
201,花蓮縣,5C-072,花蓮1-萬榮鄉-固努安部落-5C-072,23.577858,121.361996,
202,花蓮縣,5C-073,花蓮1-萬榮鄉-固努安部落-5C-073,23.579167,121.361098,
203,花蓮縣,5C-074,花蓮1-萬榮鄉-東光部落-5C-074,23.5276825,121.370025,
204,花蓮縣,5C-075,花蓮1-萬榮鄉-東光部落-5C-075,23.526316,121.368764,
205,花蓮縣,5C-076,花蓮1-萬榮鄉-東光部落-5C-076,23.526513,121.369198,
206,花蓮縣,5C-077,花蓮1-萬榮鄉-大馬遠部落-5C-077,23.541853,121.37448,
207,花蓮縣,5C-078,花蓮1-萬榮鄉-大馬遠部落-5C-078,23.541834,121.374573,
208,花蓮縣,5C-079,花蓮1-萬榮鄉-大馬遠部落-5C-079,23.547087,121.374365,
209,花蓮縣,5C-080,花蓮1-萬榮鄉-大馬遠部落-5C-080,23.547515,121.375594,
210,花蓮縣,5C-081,花蓮1-萬榮鄉-大馬遠部落-5C-081,23.532115,121.371145,
211,花蓮縣,5C-082,花蓮1-萬榮鄉-大馬遠部落-5C-082,23.533265,121.371816,
212,花蓮縣,5C-083,花蓮1-萬榮鄉-大馬遠部落-5C-083,23.5625350,121.3682383,
213,花蓮縣,5C-084,花蓮1-瑞穗鄉-屋拉力部落-5C-084,23.510783,121.391402,
214,花蓮縣,5C-085,花蓮1-瑞穗鄉-屋拉力部落-5C-085,23.512136,121.39182,
215,花蓮縣,5C-086,花蓮1-瑞穗鄉-屋拉力部落-5C-086,23.511637,121.391612,
216,花蓮縣,5C-087,花蓮1-瑞穗鄉-屋拉力部落-5C-087,23.511445,121.390383,
217,花蓮縣,5C-088,花蓮1-瑞穗鄉-屋拉力部落-5C-088,23.507661,121.391317,
218,花蓮縣,5C-089,花蓮1-瑞穗鄉-法淖部落-5C-089,23.490317,121.392975,
219,花蓮縣,5C-090,花蓮1-瑞穗鄉-法淖部落-5C-090,23.492578,121.394123,
220,花蓮縣,5C-091,花蓮1-瑞穗鄉-法淖部落-5C-091,23.491653,121.391151,
221,花蓮縣,5C-092,花蓮1-瑞穗鄉-法淖部落-5C-092,23.489845,121.391218,
222,花蓮縣,5C-093,花蓮1-瑞穗鄉-拉基禾幹部落-5C-093,23.579364,121.386239,
223,花蓮縣,5C-094,花蓮1-瑞穗鄉-拉基禾幹部落-5C-094,23.579932,121.386394,
224,花蓮縣,5C-095,花蓮1-瑞穗鄉-拉基禾幹部落-5C-095,23.581996,121.38793,
225,花蓮縣,5C-096,花蓮1-瑞穗鄉-拉基禾幹部落-5C-096,23.58250,121.38695,
226,花蓮縣,5C-097,花蓮1-瑞穗鄉-梧繞部落-5C-097,23.526595,121.389644,
227,花蓮縣,5C-098,花蓮1-瑞穗鄉-梧繞部落-5C-098,23.526601,121.389724,
228,花蓮縣,5C-099,花蓮1-瑞穗鄉-梧繞部落-5C-099,23.527878,121.389363,
229,花蓮縣,5C-100,花蓮1-瑞穗鄉-梧繞部落-5C-100,23.528761,121.388551,
230,花蓮縣,5C-101,花蓮1-瑞穗鄉-梧繞部落-5C-101,23.530872,121.389266,
231,花蓮縣,5C-102,花蓮1-卓溪鄉-山里部落-5C-102,23.431619,121.3161205,
232,花蓮縣,5C-103,花蓮1-卓溪鄉-山里部落-5C-103,23.431618,121.3161203,
233,花蓮縣,5C-104,花蓮1-卓溪鄉-山里部落-5C-104,23.43019,121.31237,
234,花蓮縣,5C-105,花蓮1-卓溪鄉-山里部落-5C-105,23.42994,121.31363,
235,花蓮縣,5C-106,花蓮1-卓溪鄉-山里部落-5C-106,23.432758,121.314473,
236,花蓮縣,5C-107,花蓮1-卓溪鄉-山里部落-5C-107,23.43379,121.31599,
237,花蓮縣,5C-108,花蓮1-卓溪鄉-山里部落-5C-108,23.432756,121.314471,
238,花蓮縣,5C-109,花蓮1-卓溪鄉-中平部落-5C-109,23.39419257,121.314259,
239,花蓮縣,5C-110,花蓮1-卓溪鄉-中平部落-5C-110,23.39442668,121.3133976,
240,花蓮縣,5C-111,花蓮1-卓溪鄉-中平部落-5C-111,23.39369499,121.3136619,
241,花蓮縣,5C-112,花蓮1-卓溪鄉-中興部落-5C-112,23.38918089,121.2995782,
242,花蓮縣,5C-113,花蓮1-玉里鎮-玉里部落-5C-113,23.335921,121.314066,
243,花蓮縣,5C-114,花蓮1-玉里鎮-玉里部落-5C-114,23.335931,121.314169,
244,花蓮縣,5C-115,花蓮1-玉里鎮-玉里部落-5C-115,23.339957,121.3028,
245,花蓮縣,5C-116,花蓮1-玉里鎮-玉里部落-5C-116,23.340852,121.303471,
246,花蓮縣,5C-117,花蓮1-玉里鎮-玉里部落-5C-117,23.34040,121.30295,
247,花蓮縣,5C-118,花蓮1-玉里鎮-哈拉灣部落-5C-118,23.31919,121.3452,
248,花蓮縣,5C-119,花蓮1-玉里鎮-哈拉灣部落-5C-119,23.31809,121.3452,
249,花蓮縣,5C-120,花蓮1-玉里鎮-哈拉灣部落-5C-120,23.31851,121.34602,
250,花蓮縣,5C-121,花蓮1-玉里鎮-哈拉灣部落-5C-121,23.31855,121.34452,
251,花蓮縣,5C-122,花蓮1-玉里鎮-哈拉灣部落-5C-122,23.31730,121.34473,
252,花蓮縣,5C-123,花蓮1-玉里鎮-哈拉灣部落-5C-123,23.31729,121.34375,
253,花蓮縣,5C-124,花蓮1-玉里鎮-都旮薾部落-5C-124,23.39738698,121.3598533,
254,花蓮縣,5C-125,花蓮1-玉里鎮-都旮薾部落-5C-125,23.399155,121.360204,
255,花蓮縣,5C-126,花蓮1-玉里鎮-都旮薾部落-5C-126,23.39901607,121.3598732,
256,花蓮縣,5C-127,花蓮1-玉里鎮-都旮薾部落-5C-127,23.40026,121.36079,
257,花蓮縣,5C-128,花蓮1-玉里鎮-都旮薾部落-5C-128,23.401569,121.361725,
258,花蓮縣,5C-129,花蓮1-玉里鎮-都旮薾部落-5C-129,23.400331,121.363273,
259,花蓮縣,5C-130,花蓮1-玉里鎮-苓雅仔部落-5C-130,23.468540,121.4051,
260,花蓮縣,5C-131,花蓮1-玉里鎮-苓雅仔部落-5C-131,23.467369,121.406753,
261,花蓮縣,5C-132,花蓮1-玉里鎮-苓雅仔部落-5C-132,23.467116,121.407729,
262,花蓮縣,5C-133,花蓮1-玉里鎮-苓雅仔部落-5C-133,23.466043,121.408542,
263,花蓮縣,5C-134,花蓮1-玉里鎮-苓雅仔部落-5C-134,23.465851,121.407158,
264,花蓮縣,5C-135,花蓮1-玉里鎮-安通部落-5C-135,23.294561,121.338245,
265,花蓮縣,5C-136,花蓮1-玉里鎮-安通部落-5C-136,23.293751,121.339054,
266,花蓮縣,5C-137,花蓮1-玉里鎮-安通部落-5C-137,23.293136,121.337922,
267,花蓮縣,5C-138,花蓮1-玉里鎮-安通部落-5C-138,23.29521,121.33439,
268,花蓮縣,5C-139,花蓮1-玉里鎮-馬太林部落-5C-139,23.44298387,121.3885861,
269,花蓮縣,5C-140,花蓮1-玉里鎮-馬太林部落-5C-140,23.44428971,121.3878842,
270,花蓮縣,5C-141,花蓮1-玉里鎮-馬太林部落-5C-141,23.44548219,121.3874136,
271,花蓮縣,5C-142,花蓮1-玉里鎮-馬太林部落-5C-142,23.44865988,121.3895464,
272,花蓮縣,5C-143,花蓮1-玉里鎮-馬太林部落-5C-143,23.44936087,121.3901229,
273,花蓮縣,5C-144,花蓮1-玉里鎮-馬太林部落-5C-144,23.4481516,121.3892759,
274,花蓮縣,5C-145,花蓮1-富里鄉-達蘭埠部落-5C-145,23.226706,121.289232,
275,花蓮縣,5C-146,花蓮1-富里鄉-達蘭埠部落-5C-146,23.226510,121.289916,
276,花蓮縣,5C-147,花蓮1-富里鄉-達蘭埠部落-5C-147,23.226176,121.289906,
277,花蓮縣,5C-148,花蓮1-富里鄉-達蘭埠部落-5C-148,23.225447,121.290625,
278,花蓮縣,5C-149,花蓮1-富里鄉-吉拉米代部落-5C-149,23.142784,121.272543,
279,花蓮縣,5C-150,花蓮1-富里鄉-吉拉米代部落-5C-150,23.142926,121.272489,
280,花蓮縣,5C-151,花蓮1-富里鄉-吉拉米代部落-5C-151,23.142273,121.271089,
281,花蓮縣,5C-152,花蓮1-富里鄉-吉拉米代部落-5C-152,23.142461,121.269807,
282,花蓮縣,5C-153,花蓮1-富里鄉-吉拉米代部落-5C-153,23.143247,121.267657,
283,花蓮縣,5C-154,花蓮1-富里鄉-吉拉米代部落-5C-154,23.144253,121.281586,
284,花蓮縣,5C-155,花蓮1-富里鄉-吉拉米代部落-5C-155,23.140807,121.279016,
285,花蓮縣,5C-156,花蓮1-富里鄉-吉拉米代部落-5C-156,23.138165,121.272141,
286,花蓮縣,5C-157,花蓮1-豐濱鄉-磯崎部落-5C-157,23.695608,121.550205,
287,花蓮縣,5C-158,花蓮1-豐濱鄉-磯崎部落-5C-158,23.709051,121.547107,
288,花蓮縣,5C-159,花蓮1-豐濱鄉-磯崎部落-5C-159,23.708971,121.547331,
289,花蓮縣,5C-160,花蓮1-豐濱鄉-磯崎部落-5C-160,23.705464,121.546812,
290,花蓮縣,5C-161,花蓮1-豐濱鄉-磯崎部落-5C-161,23.707428,121.547424,
291,花蓮縣,5C-162,花蓮1-豐濱鄉-石梯坪部落-5C-162,23.2920019,121.3031582,
292,花蓮縣,5C-163,花蓮1-豐濱鄉-石梯坪部落-5C-163,23.290176,121.303187,
293,花蓮縣,5C-164,花蓮1-豐濱鄉-石梯坪部落-5C-164,23.2857660,121.303164,
294,花蓮縣,5C-165,花蓮1-豐濱鄉-石梯坪部落-5C-165,23.2930102,121.3019502,
295,花蓮縣,5C-166,花蓮1-豐濱鄉-水璉-蕃薯寮-5C-166,23.747151,121.555433,
296,花蓮縣,5C-167,花蓮1-壽豐鄉-鯉魚潭-5C-167,23.926865,121.505374,
297,花蓮縣,5C-168,花蓮1-壽豐鄉-鯉魚潭-5C-168,23.929368,121.505727,
298,花蓮縣,5C-169,花蓮1-壽豐鄉-鯉魚潭-5C-169,23.927496,121.505432,
299,花蓮縣,5C-170,花蓮1-秀林鄉-秀林米亞丸部落-5C-170,23.921228,121.500279,
300,花蓮縣,5C-171,花蓮1-秀林鄉-秀林米亞丸部落-5C-171,23.921234,121.500288,
301,花蓮縣,5C-172,花蓮1-富里鄉-四維分校/吉拉米代部落-5C-172,23.972438,121.612878,
302,花蓮縣,5C-173,花蓮1-花蓮市-東大門-5C-173,23.125398,121.281191,
303,花蓮縣,5C-174,花蓮1-光復鄉-光復產業中心-5C-174,23.674253,121.422587,
304,花蓮縣,5C-176,花蓮1-光復鄉-阿陶莫-加里洞-5C-176,23.694947,121.488283,
305,花蓮縣,5C-177,花蓮1-光復鄉-阿陶莫-加里洞-5C-177,23.694612,121.489061,
306,花蓮縣,5C-178,花蓮1-豐濱鄉-磯崎高山森林基地-5C-178,23.684196,121.544868,
307,花蓮縣,5C-179,花蓮1-豐濱鄉-山海劇場-5C-179,23.707795,121.547418,
308,花蓮縣,5C-180,"花蓮1-豐濱鄉豐羽計畫-5C-180",23.673523,121.423011,
309,花蓮縣,5C-181,"花蓮1-花蓮市花蓮縣政府-5C-181",23.991358,121.619808,
310,花蓮縣,5C-182,"花蓮1-秀林鄉秀林鄉公所-5C-182",24.118577,121.624832,
311,花蓮縣,5C-183,花蓮1-新城鄉-新城鄉公所-5C-183,24.039369,121.60412,
312,花蓮縣,5C-184,花蓮1-花蓮市-花蓮市公所-5C-184,23.982300,121.606583,
313,花蓮縣,5C-185,花蓮1-吉安鄉-吉安鄉公所-5C-185,23.972966,121.563669,
314,花蓮縣,5C-186,花蓮1-壽豐鄉-壽豐鄉公所-5C-186,23.870396,121.50885,
315,花蓮縣,5C-187,花蓮1-鳳林鎮-鳳林鎮公所-5C-187,23.744779,121.45158,
316,花蓮縣,5C-188,花蓮1-光復鄉-光復鄉公所-5C-188,23.669297,121.423295,
317,花蓮縣,5C-189,花蓮1-萬榮鄉-萬榮鄉公所-5C-189,23.715034,121.410959,
318,花蓮縣,5C-190,花蓮1-瑞穗鄉-瑞穗鄉公所-5C-190,23.496485,121.375768,
319,花蓮縣,5C-191,花蓮1-卓溪鄉-卓溪鄉公所-5C-191,23.346488,121.303451,
320,花蓮縣,5C-192,花蓮1-玉里鎮-玉里鎮公所-5C-192,23.335581,121.315203,
321,花蓮縣,5C-193,花蓮1-富里鄉-富里鄉公所-5C-193,23.179545,121.250237,
322,花蓮縣,5C-194,花蓮1-豐濱鄉-豐濱鄉公所-5C-194,23.601361,121.521206,
323,花蓮縣,5C-195,花蓮1-花蓮市-台灣原住民文化館-5C-195,24.0079662,121.6226628,
324,花蓮縣,5C-196,花蓮1-吉安鄉-吉安鄉阿美族文物館-5C-196,23.970043,121.581231,
325,花蓮縣,5C-197,花蓮1-壽豐鄉-壽豐鄉原住民文物館-5C-197,23.881774,121.514227,
326,花蓮縣,5C-198,花蓮1-萬榮鄉-萬榮鄉原住民文物館-5C-198,23.716543,121.409022,
327,花蓮縣,5C-199,花蓮1-瑞穗鄉-奇美部落原住民文物館-5C-199,23.491977,121.446193,
328,花蓮縣,5C-200,花蓮1-萬榮鄉-花縣萬榮國小行政大樓中間二樓柱子-5C-200,23.715566,121.410919,
329,花蓮縣,HL-CYK-AP1,"4-萬榮鄉支亞干部落-HL-CYK-AP1",23.80928,121.44253,
330,花蓮縣,HL-CYK-AP2,"4-萬榮鄉支亞干部落-HL-CYK-AP2",23.80993,121.44199,
331,花蓮縣,HL-CYK-AP3,"4-萬榮鄉支亞干部落-HL-CYK-AP3",23.8129,121.43857,
332,花蓮縣,HL-CYK-AP4,"4-萬榮鄉支亞干部落-HL-CYK-AP4",23.81337,121.43819,
333,花蓮縣,HL-CYK-AP5,"4-萬榮鄉支亞干部落-HL-CYK-AP5",23.81566,121.4364,
334,花蓮縣,HL-CYK-AP6,"4-萬榮鄉支亞干部落-HL-CYK-AP6",23.81512,121.43689,
335,花蓮縣,HL-FB-AP1,"1-豐濱鄉豐濱部落-HL-FB-AP1",23.60184,121.52125,
336,花蓮縣,HL-FB-AP2,"1-豐濱鄉豐濱部落-HL-FB-AP2",23.60165,121.52172,
337,花蓮縣,HL-FB-AP3,"1-豐濱鄉豐濱部落-HL-FB-AP3",23.59569,121.52023,
338,花蓮縣,HL-FB-AP4,"1-豐濱鄉豐濱部落-HL-FB-AP4",23.59569,121.52023,
339,花蓮縣,HL-FB-AP5,"1-豐濱鄉豐濱部落-HL-FB-AP5",23.5981,121.52111,
340,花蓮縣,HL-FB-AP6,"1-豐濱鄉豐濱部落-HL-FB-AP6",23.59798,121.52104,
341,花蓮縣,HL-FH-AP1,"4-鳳林鎮鳳信部落-HL-FH-AP1",23.730413,121.443311,
342,花蓮縣,HL-FH-AP2,"4-鳳林鎮鳳信部落-HL-FH-AP2",23.729937,121.443184,
343,花蓮縣,HL-FH-AP3,"4-鳳林鎮鳳信部落-HL-FH-AP3",23.735996,121.444274,
344,花蓮縣,HL-FH-AP4,"4-鳳林鎮鳳信部落-HL-FH-AP4",23.736914,121.444671,
345,花蓮縣,HL-FH-AP5,"4-鳳林鎮鳳信部落-HL-FH-AP5",23.732787,121.442809,
346,花蓮縣,HL-FH-AP6,"4-鳳林鎮鳳信部落-HL-FH-AP6",23.733316,121.443105,
347,花蓮縣,HL-JP-AP1,"1-豐濱鄉靜浦部落-HL-JP-AP1",23.457905,121.497224,
348,花蓮縣,HL-JP-AP2,"1-豐濱鄉靜浦部落-HL-JP-AP2",23.458409,121.497536,
349,花蓮縣,HL-JP-AP3,"1-豐濱鄉靜浦部落-HL-JP-AP3",23.46191,121.49539,
350,花蓮縣,HL-JP-AP4,"1-豐濱鄉靜浦部落-HL-JP-AP4",23.462275,121.495634,
351,花蓮縣,HL-JP-AP5,"1-豐濱鄉靜浦部落-HL-JP-AP5",23.46855,121.49025,
352,花蓮縣,HL-JP-AP6,"1-豐濱鄉靜浦部落-HL-JP-AP6",23.46861,121.49051,
353,花蓮縣,HL-KDS-AP1,"4-秀林鄉格督尚部落-HL-KDS-AP1",24.057761,121.597314,
354,花蓮縣,HL-KDS-AP2,"4-秀林鄉格督尚部落-HL-KDS-AP2",24.057761,121.597314,
355,花蓮縣,HL-KDS-AP3,"4-秀林鄉格督尚部落-HL-KDS-AP3",24.056159,121.596356,
356,花蓮縣,HL-KDS-AP4,"4-秀林鄉格督尚部落-HL-KDS-AP4",24.05544,121.593782,
357,花蓮縣,HL-KDS-AP5,"4-秀林鄉格督尚部落-HL-KDS-AP5",24.051599,121.593287,
358,花蓮縣,HL-KDS-AP6,"4-秀林鄉格督尚部落-HL-KDS-AP6",24.050568,121.592443,
359,花蓮縣,HL-KNB-AP1,"4-秀林鄉克尼布部落-HL-KNB-AP1",24.30842,121.74816,
360,花蓮縣,HL-KNB-AP2,"4-秀林鄉克尼布部落-HL-KNB-AP2",24.30869,121.74842,
361,花蓮縣,HL-KNB-AP3,"4-秀林鄉克尼布部落-HL-KNB-AP3",24.30924,121.74772,
362,花蓮縣,HL-KNB-AP4,"4-秀林鄉克尼布部落-HL-KNB-AP4",24.30954,121.74742,
363,花蓮縣,HL-KNB-AP5,"4-秀林鄉克尼布部落-HL-KNB-AP5",24.310277,121.747655,
364,花蓮縣,HL-KNB-AP6,"4-秀林鄉克尼布部落-HL-KNB-AP6",24.3102,121.74747,
365,花蓮縣,HL-KNB-AP7,"4-秀林鄉克尼布部落-HL-KNB-AP7",24.31034,121.74773,
366,花蓮縣,HL-KT-AP1,"4-卓溪鄉古村部落-HL-KT-AP1",23.436749,121.332805,
367,花蓮縣,HL-KT-AP2,"4-卓溪鄉古村部落-HL-KT-AP2",23.436406,121.331869,
368,花蓮縣,HL-KT-AP3,"4-卓溪鄉古村部落-HL-KT-AP3",23.437596,121.333216,
369,花蓮縣,HL-KT-AP4,"4-卓溪鄉古村部落-HL-KT-AP4",23.437492,121.333505,
370,花蓮縣,HL-KT-AP5,"4-卓溪鄉古村部落-HL-KT-AP5",23.437204,121.332634,
371,花蓮縣,HL-KT-AP6,"4-卓溪鄉古村部落-HL-KT-AP6",23.42994,121.312585,
372,花蓮縣,HL-LHK-AP1,"4-玉里鎮洛合谷部落-HL-LHK-AP1",23.43588,121.381994,
373,花蓮縣,HL-LHK-AP10,"4-玉里鎮洛合谷部落-HL-LHK-AP10",23.4359,121.381141,
374,花蓮縣,HL-LHK-AP2,"4-玉里鎮洛合谷部落-HL-LHK-AP2",23.435617,121.382157,
375,花蓮縣,HL-LHK-AP3,"4-玉里鎮洛合谷部落-HL-LHK-AP3",23.43574,121.38163,
376,花蓮縣,HL-LHK-AP4,"4-玉里鎮洛合谷部落-HL-LHK-AP4",23.435986,121.381364,
377,花蓮縣,HL-LHK-AP5,"4-玉里鎮洛合谷部落-HL-LHK-AP5",23.43622,121.379535,
378,花蓮縣,HL-LHK-AP6,"4-玉里鎮洛合谷部落-HL-LHK-AP6",23.435853,121.381322,
379,花蓮縣,HL-LHK-AP7,"4-玉里鎮洛合谷部落-HL-LHK-AP7",23.431365,121.376661,
380,花蓮縣,HL-LHK-AP8,"4-玉里鎮洛合谷部落-HL-LHK-AP8",23.430744,121.377285,
381,花蓮縣,HL-LHK-AP9,"4-玉里鎮洛合谷部落-HL-LHK-AP9",23.435955,121.380052,
382,花蓮縣,HL-LS-AP1,"4-卓溪鄉崙山部落-HL-LS-AP1",23.438828,121.34363,
383,花蓮縣,HL-LS-AP2,"4-卓溪鄉崙山部落-HL-LS-AP2",23.44023,121.341297,
384,花蓮縣,HL-LS-AP3,"4-卓溪鄉崙山部落-HL-LS-AP3",23.440525,121.34151,
385,花蓮縣,HL-LS-AP4,"4-卓溪鄉崙山部落-HL-LS-AP4",23.440575,121.34149,
386,花蓮縣,HL-LS-AP5,"4-卓溪鄉崙山部落-HL-LS-AP5",23.437921,121.342708,
387,花蓮縣,HL-LS-AP6,"4-卓溪鄉崙山部落-HL-LS-AP6",23.43884,121.342594,
388,花蓮縣,HL-LS-AP7,"4-卓溪鄉崙山部落-HL-LS-AP7",23.439159,121.341825,
389,花蓮縣,HL-LS-AP8,"4-卓溪鄉崙山部落-HL-LS-AP8",23.43858,121.34277,
390,花蓮縣,HL-LT-AP1,"4-卓溪鄉崙天部落-HL-LT-AP1",23.220273,121.264814,
391,花蓮縣,HL-LT-AP2,"4-卓溪鄉崙天部落-HL-LT-AP2",23.220431,121.264724,
392,花蓮縣,HL-LT-AP3,"4-卓溪鄉崙天部落-HL-LT-AP3",23.218081,121.254916,
393,花蓮縣,HL-LT-AP4,"4-卓溪鄉崙天部落-HL-LT-AP4",23.218513,121.255005,
394,花蓮縣,HL-LT-AP5,"4-卓溪鄉崙天部落-HL-LT-AP5",23.220644,121.256769,
395,花蓮縣,HL-LT-AP6,"4-卓溪鄉崙天部落-HL-LT-AP6",23.21823,121.256179,
396,花蓮縣,HL-LT-AP7,"4-卓溪鄉崙天部落-HL-LT-AP7",23.250626,121.273489,
397,花蓮縣,HL-MCL-AP1,"4-玉里鎮滿自然部落-HL-MCL-AP1",23.428542,121.374727,
398,花蓮縣,HL-MCL-AP2,"4-玉里鎮滿自然部落-HL-MCL-AP2",23.428428,121.374261,
399,花蓮縣,HL-MCL-AP3,"4-玉里鎮滿自然部落-HL-MCL-AP3",23.426909,121.373612,
400,花蓮縣,HL-MCL-AP4,"4-玉里鎮滿自然部落-HL-MCL-AP4",23.427217,121.373804,
401,花蓮縣,HL-MCL-AP5,"4-玉里鎮滿自然部落-HL-MCL-AP5",23.428008,121.373107,
402,花蓮縣,HL-MCL-AP6,"4-玉里鎮滿自然部落-HL-MCL-AP6",23.428184,121.373371,
403,花蓮縣,HL-MCL-AP7,"4-玉里鎮滿自然部落-HL-MCL-AP7",23.428161,121.37404,
404,花蓮縣,HL-MKTA-AP1,"4-玉里鎮瑪谷達璦部落-HL-MKTA-AP1",23.418061,121.369795,
405,花蓮縣,HL-MKTA-AP2,"4-玉里鎮瑪谷達璦部落-HL-MKTA-AP2",23.418132,121.370078,
406,花蓮縣,HL-MKTA-AP3,"4-玉里鎮瑪谷達璦部落-HL-MKTA-AP3",23.418418,121.369786,
407,花蓮縣,HL-MKTA-AP4,"4-玉里鎮瑪谷達璦部落-HL-MKTA-AP4",23.418344,121.369662,
408,花蓮縣,HL-MKTA-AP5,"4-玉里鎮瑪谷達璦部落-HL-MKTA-AP5",23.415007,121.372109,
409,花蓮縣,HL-MKTA-AP6,"4-玉里鎮瑪谷達璦部落-HL-MKTA-AP6",23.415636,121.371583,
410,花蓮縣,HL-MTA-AP1,"1-光復鄉馬太鞍部落-HL-MTA-AP1",23.67175,121.42601,
411,花蓮縣,HL-MTA-AP2,"1-光復鄉馬太鞍部落-HL-MTA-AP2",23.67176,121.4264,
412,花蓮縣,HL-MTA-AP3,"1-光復鄉馬太鞍部落-HL-MTA-AP3",23.67146,121.42651,
413,花蓮縣,HL-MTA-AP4,"1-光復鄉馬太鞍部落-HL-MTA-AP4",23.67215,121.42476,
414,花蓮縣,HL-MTA-AP5,"1-光復鄉馬太鞍部落-HL-MTA-AP5",23.67215,121.42476,
415,花蓮縣,HL-MTA-AP6,"1-光復鄉馬太鞍部落-HL-MTA-AP6",23.67211,121.42465,
416,花蓮縣,HL-MTA-AP7,"1-光復鄉馬太鞍部落-HL-MTA-AP7",23.65849,121.41275,
417,花蓮縣,HL-MTA-AP8,"1-光復鄉馬太鞍部落-HL-MTA-AP8",23.6585,121.41281,
418,花蓮縣,HL-MTA-AP9,"1-光復鄉馬太鞍部落-HL-MTA-AP9",23.65833,121.4129,
419,花蓮縣,HL-QM-AP1,"1-瑞穗鄉奇美部落-HL-QM-AP1",23.49387,121.44407,
420,花蓮縣,HL-QM-AP2,"1-瑞穗鄉奇美部落-HL-QM-AP2",23.49408,121.44433,
421,花蓮縣,HL-QM-AP3,"1-瑞穗鄉奇美部落-HL-QM-AP3",23.49423,121.44561,
422,花蓮縣,HL-QM-AP4,"1-瑞穗鄉奇美部落-HL-QM-AP4",23.49394,121.44564,
423,花蓮縣,HL-QM-AP5,"1-瑞穗鄉奇美部落-HL-QM-AP5",23.49444,121.44676,
424,花蓮縣,HL-QM-AP6,"1-瑞穗鄉奇美部落-HL-QM-AP6",23.49407,121.44659,
425,花蓮縣,HL-SY-AP1,"4-秀林鄉水源部落-HL-SY-AP1",24.00364,121.55387,
426,花蓮縣,HL-SY-AP2,"4-秀林鄉水源部落-HL-SY-AP2",24.00397,121.55416,
427,花蓮縣,HL-SY-AP3,"4-秀林鄉水源部落-HL-SY-AP3",24.00458,121.55146,
428,花蓮縣,HL-SY-AP4,"4-秀林鄉水源部落-HL-SY-AP4",24.00438,121.55183,
429,花蓮縣,HL-SY-AP5,"4-秀林鄉水源部落-HL-SY-AP5",24.00565,121.54913,
430,花蓮縣,HL-SY-AP6,"4-秀林鄉水源部落-HL-SY-AP6",24.00518,121.54987,
431,花蓮縣,HL-TBL-AP1,"1-光復鄉太巴塱部落-HL-TBL-AP1",23.65878,121.44809,
432,花蓮縣,HL-TBL-AP2,"1-光復鄉太巴塱部落-HL-TBL-AP2",23.65862,121.44794,
433,花蓮縣,HL-TBL-AP3,"1-光復鄉太巴塱部落-HL-TBL-AP3",23.6591,121.44785,
434,花蓮縣,HL-TBL-AP4,"1-光復鄉太巴塱部落-HL-TBL-AP4",23.65614,121.44961,
435,花蓮縣,HL-TBL-AP5,"1-光復鄉太巴塱部落-HL-TBL-AP5",23.65614,121.44961,
436,花蓮縣,HL-TBL-AP6,"1-光復鄉太巴塱部落-HL-TBL-AP6",23.65599,121.44992,
437,花蓮縣,HL-TBL-AP7,"1-光復鄉太巴塱部落-HL-TBL-AP7",23.65834,121.45074,
438,花蓮縣,HL-TBL-AP8,"1-光復鄉太巴塱部落-HL-TBL-AP8",23.65797,121.4504,
439,花蓮縣,HL-TBL-AP9,"1-光復鄉太巴塱部落-HL-TBL-AP9",23.65784,121.45071,
440,花蓮縣,HL-TP-AP1,"4-卓溪鄉太平部落-HL-TP-AP1",23.407133,121.316685,
441,花蓮縣,HL-TP-AP2,"4-卓溪鄉太平部落-HL-TP-AP2",23.407697,121.316864,
442,花蓮縣,HL-TP-AP3,"4-卓溪鄉太平部落-HL-TP-AP3",23.407475,121.317448,
443,花蓮縣,HL-TP-AP4,"4-卓溪鄉太平部落-HL-TP-AP4",23.40707,121.317384,
444,花蓮縣,HL-TP-AP5,"4-卓溪鄉太平部落-HL-TP-AP5",23.407731,121.319129,
445,花蓮縣,HL-TP-AP6,"4-卓溪鄉太平部落-HL-TP-AP6",23.40701,121.319468,
446,花蓮縣,HL-WL-AP1,"4-秀林鄉文蘭部落-HL-WL-AP1",23.94743,121.506647,
447,花蓮縣,HL-WL-AP2,"4-秀林鄉文蘭部落-HL-WL-AP2",23.948141,121.506847,
448,花蓮縣,HL-WL-AP3,"4-秀林鄉文蘭部落-HL-WL-AP3",23.949666,121.50701,
449,花蓮縣,HL-WL-AP4,"4-秀林鄉文蘭部落-HL-WL-AP4",23.948991,121.506919,
450,花蓮縣,HL-WL-AP5,"4-秀林鄉文蘭部落-HL-WL-AP5",23.950524,121.506165,
451,花蓮縣,HL-WL-AP6,"4-秀林鄉文蘭部落-HL-WL-AP6",23.950349,121.506453,
452,花蓮縣,HL-WL-AP7,"4-秀林鄉文蘭部落-HL-WL-AP7",23.94743,121.506647,
453,花蓮縣,HL-XS-AP1,"1-豐濱鄉新社部落-HL-XS-AP1",23.65101,121.53593,
454,花蓮縣,HL-XS-AP2,"1-豐濱鄉新社部落-HL-XS-AP2",23.65089,121.53622,
455,花蓮縣,HL-XS-AP3,"1-豐濱鄉新社部落-HL-XS-AP3",23.65204,121.53602,
456,花蓮縣,HL-XS-AP4,"1-豐濱鄉新社部落-HL-XS-AP4",23.65178,121.53634,
457,花蓮縣,HL-XS-AP5,"1-豐濱鄉新社部落-HL-XS-AP5",23.65667,121.539747,
458,花蓮縣,HL-XS-AP6,"1-豐濱鄉新社部落-HL-XS-AP6",23.656692,121.539461,
459,南投縣,武界-AP1,2-仁愛鄉-武界部落-武界-AP1,23.91328,121.0442,
460,南投縣,武界-AP2,2-仁愛鄉-武界部落-武界-AP2,23.91343,121.0434,
461,南投縣,武界-AP3,2-仁愛鄉-武界部落-武界-AP3,23.9139,121.04339,
462,南投縣,武界-AP7,2-仁愛鄉-武界部落-武界-AP7,23.914,121.04413,
463,南投縣,武界-AP4,2-仁愛鄉-武界部落-武界-AP4,23.91475,121.04369,
464,南投縣,武界-AP5,2-仁愛鄉-武界部落-武界-AP5,23.91559,121.04387,
465,南投縣,武界-AP6,2-仁愛鄉-武界部落-武界-AP6,23.91578,121.04494,1
466,南投縣,萬豐-AP1,5-仁愛鄉-萬豐部落-萬豐-AP1,23.94611,121.07852,1
467,南投縣,萬豐-AP2,5-仁愛鄉-萬豐部落-萬豐-AP2,23.94531,121.07802,
468,南投縣,萬豐-AP3,5-仁愛鄉-萬豐部落-萬豐-AP3,23.94631,121.07725,
469,南投縣,萬豐-AP4,5-仁愛鄉-萬豐部落-萬豐-AP4,23.94591,121.07641,
470,南投縣,豐丘-AP1,5-信義鄉-豐丘部落-豐丘-AP1,23.6702,120.87521,1
471,南投縣,豐丘-AP2,5-信義鄉-豐丘部落-豐丘-AP2,23.67116,120.87497,
472,南投縣,豐丘-AP3,5-信義鄉-豐丘部落-豐丘-AP3,23.67256,120.87444,
473,南投縣,豐丘-AP4,5-信義鄉-豐丘部落-豐丘-AP4,23.67336,120.8742,
474,南投縣,清流-AP1,2-仁愛鄉-清流部落-清流-AP1,24.06963,120.95357,
475,南投縣,清流-AP2,2-仁愛鄉-清流部落-清流-AP2,24.06829,120.95321,
476,南投縣,清流-AP3,2-仁愛鄉-清流部落-清流-AP3,24.06713,120.95326,
477,南投縣,清流-AP4,2-仁愛鄉-清流部落-清流-AP4,24.06512,120.95319,1
478,南投縣,清流-AP5,2-仁愛鄉-清流部落-清流-AP5,24.06862,120.95554,
479,南投縣,望鄉-AP1,2-信義鄉-望鄉部落-望鄉-AP1,23.59886,120.88555,
480,南投縣,望鄉-AP2,2-信義鄉-望鄉部落-望鄉-AP2,23.59875,120.88423,
481,南投縣,望鄉-AP3,2-信義鄉-望鄉部落-望鄉-AP3,23.59999,120.88526,
482,南投縣,望鄉-AP4,2-信義鄉-望鄉部落-望鄉-AP4,23.59939,120.88458,
483,南投縣,望鄉-AP5,2-信義鄉-望鄉部落-望鄉-AP5,23.6007,120.88687,
484,南投縣,望鄉-AP6,2-信義鄉-望鄉部落-望鄉-AP6,23.6014,120.8847,
485,南投縣,人倫-AP2,2-信義鄉-人倫部落-人倫-AP2,23.77916,120.89596,
486,南投縣,人倫-AP3,2-信義鄉-人倫部落-人倫-AP3,23.77901,120.89705,
487,南投縣,人倫-AP7,2-信義鄉-人倫部落-人倫-AP7,23.77827,120.89559,
488,南投縣,人倫-AP4,2-信義鄉-人倫部落-人倫-AP4,23.77815,120.89662,
489,南投縣,人倫-AP5,2-信義鄉-人倫部落-人倫-AP5,23.77715,120.89658,
490,南投縣,人倫-AP6,2-信義鄉-人倫部落-人倫-AP6,23.77659,120.8966,
491,南投縣,人倫-AP1,2-信義鄉-人倫部落-人倫-AP1,23.78016,120.89565,
492,南投縣,希哪巴瀾-AP1,2-信義鄉-希哪巴瀾部落-希哪巴瀾-AP1,23.63972,120.87054,
493,南投縣,希哪巴瀾-AP2,2-信義鄉-希哪巴瀾部落-希哪巴瀾-AP2,23.64048,120.8703,
494,南投縣,希哪巴瀾-AP3,2-信義鄉-希哪巴瀾部落-希哪巴瀾-AP3,23.64138,120.87019,
495,南投縣,希哪巴瀾-AP4,2-信義鄉-希哪巴瀾部落-希哪巴瀾-AP4,23.64106,120.87089,
496,南投縣,希哪巴瀾-AP5,2-信義鄉-希哪巴瀾部落-希哪巴瀾-AP5,23.64069,120.87129,
497,南投縣,希哪巴瀾-AP6,2-信義鄉-希哪巴瀾部落-希哪巴瀾-AP6,23.64206,120.8743,
498,南投縣,親愛-AP1,3-仁愛鄉-親愛部落-親愛-AP1,23.96844,121.1085,1
499,南投縣,親愛-AP2,3-仁愛鄉-親愛部落-親愛-AP2,23.96817,121.10776,
500,南投縣,親愛-AP3,3-仁愛鄉-親愛部落-親愛-AP3,23.9676,121.10643,
501,南投縣,親愛-AP4,3-仁愛鄉-親愛部落-親愛-AP4,23.96736,121.10561,
502,南投縣,親愛-AP5,3-仁愛鄉-親愛部落-親愛-AP5,23.96836,121.1049,
503,南投縣,親愛-AP6,3-仁愛鄉-親愛部落-親愛-AP6,23.96927,121.10505,
504,南投縣,史努櫻-AP1,3-仁愛鄉-史努櫻部落-史努櫻-AP1,24.02606,121.14771,
505,南投縣,史努櫻-AP2,3-仁愛鄉-史努櫻部落-史努櫻-AP2,24.02552,121.14756,
506,南投縣,史努櫻-AP3,3-仁愛鄉-史努櫻部落-史努櫻-AP3,24.02617,121.14686,
507,南投縣,史努櫻-AP4,3-仁愛鄉-史努櫻部落-史努櫻-AP4,24.0271,121.14931,
508,南投縣,史努櫻-AP5,3-仁愛鄉-史努櫻部落-史努櫻-AP5,24.02751,121.14905,
509,南投縣,史努櫻-AP6,3-仁愛鄉-史努櫻部落-史努櫻-AP6,24.02675,121.14904,
510,南投縣,史努櫻-AP7,3-仁愛鄉-史努櫻部落-史努櫻-AP7,24.02728,121.15291,1
511,南投縣,廬山-AP1,3-仁愛鄉-廬山部落-廬山-AP1,24.03501,121.18565,
512,南投縣,廬山-AP2,3-仁愛鄉-廬山部落-廬山-AP2,24.03389,121.18539,
513,南投縣,廬山-AP5,3-仁愛鄉-廬山部落-廬山-AP5,24.03476,121.18497,
514,南投縣,廬山-AP3,3-仁愛鄉-廬山部落-廬山-AP3,24.03297,121.18462,
515,南投縣,廬山-AP4,3-仁愛鄉-廬山部落-廬山-AP4,24.0317,121.18459,
516,南投縣,新望洋-AP1,5-仁愛鄉-新望洋部落-新望洋-AP1,24.14747,121.18907,
517,南投縣,新望洋-AP2,5-仁愛鄉-新望洋部落-新望洋-AP2,24.14817,121.18999,
518,南投縣,新望洋-AP3,5-仁愛鄉-新望洋部落-新望洋-AP3,24.14713,121.19007,
519,南投縣,新望洋-AP4,5-仁愛鄉-新望洋部落-新望洋-AP4,24.14634,121.19043,1
520,南投縣,NT-CM-AP1,"4-信義鄉久美部落-NT-CM-AP1",23.617253,120.885434,
521,南投縣,NT-CM-AP2,"4-信義鄉久美部落-NT-CM-AP2",23.617369,120.885534,
522,南投縣,NT-CM-AP3,"4-信義鄉久美部落-NT-CM-AP3",23.616417,120.884971,
523,南投縣,NT-CM-AP4,"4-信義鄉久美部落-NT-CM-AP4",23.615908,120.886515,
524,南投縣,NT-CM-AP5,"4-信義鄉久美部落-NT-CM-AP5",23.616161,120.886558,
525,南投縣,NT-CM-AP6,"4-信義鄉久美部落-NT-CM-AP6",23.617951,120.885786,
526,南投縣,NT-CM-AP7,"4-信義鄉久美部落-NT-CM-AP7",23.617871,120.885467,
527,南投縣,NT-KT-AP1,"4-仁愛鄉卡度部落-NT-KT-AP1",23.907575,120.989891,
528,南投縣,NT-KT-AP2,"4-仁愛鄉卡度部落-NT-KT-AP2",23.90768,120.990566,
529,南投縣,NT-KT-AP3,"4-仁愛鄉卡度部落-NT-KT-AP3",23.905776,120.990155,
530,南投縣,NT-KT-AP4,"4-仁愛鄉卡度部落-NT-KT-AP4",23.905611,120.990311,
531,南投縣,NT-KT-AP5,"4-仁愛鄉卡度部落-NT-KT-AP5",23.904105,120.991395,
532,南投縣,NT-KT-AP6,"4-仁愛鄉卡度部落-NT-KT-AP6",23.904416,120.991917,
533,南投縣,NT-KT-AP7,"4-仁愛鄉卡度部落-NT-KT-AP7",23.903515,120.991786,
534,南投縣,NT-KT-AP8,"4-仁愛鄉卡度部落-NT-KT-AP8",23.903787,120.992483,
535,南投縣,NT-MH-AP1,"4-仁愛鄉眉溪部落-NT-MH-AP1",24.005851,121.087832,
536,南投縣,NT-MH-AP2,"4-仁愛鄉眉溪部落-NT-MH-AP2",24.005891,121.087743,
537,南投縣,NT-MH-AP3,"4-仁愛鄉眉溪部落-NT-MH-AP3",24.00489,121.089091,
538,南投縣,NT-MH-AP4,"4-仁愛鄉眉溪部落-NT-MH-AP4",24.006987,121.095835,
539,南投縣,NT-MH-AP5,"4-仁愛鄉眉溪部落-NT-MH-AP5",24.006913,121.095183,
540,南投縣,NT-SL-AP1,"4-信義鄉雙龍部落-NT-SL-AP1",23.785282,120.949899,
541,南投縣,NT-SL-AP2,"4-信義鄉雙龍部落-NT-SL-AP2",23.783684,120.947741,
542,南投縣,NT-SL-AP3,"4-信義鄉雙龍部落-NT-SL-AP3",23.783647,120.947169,
543,南投縣,NT-SL-AP4,"4-信義鄉雙龍部落-NT-SL-AP4",23.783379,120.947735,
544,南投縣,NT-SL-AP5,"4-信義鄉雙龍部落-NT-SL-AP5",23.7823,120.944381,
545,南投縣,NT-SL-AP6,"4-信義鄉雙龍部落-NT-SL-AP6",23.784055,120.948688,
546,南投縣,NT-TML-AP1,"4-信義鄉達瑪巒部落-NT-TML-AP1",23.793389,120.943706,
547,南投縣,NT-TML-AP2,"4-信義鄉達瑪巒部落-NT-TML-AP2",23.793474,120.94376,
548,南投縣,NT-TML-AP3,"4-信義鄉達瑪巒部落-NT-TML-AP3",23.792866,120.944333,
549,南投縣,NT-TML-AP4,"4-信義鄉達瑪巒部落-NT-TML-AP4",23.79305,120.945205,
550,南投縣,NT-TML-AP5,"4-信義鄉達瑪巒部落-NT-TML-AP5",23.794814,120.945677,
551,南投縣,NT-TML-AP6,"4-信義鄉達瑪巒部落-NT-TML-AP6",23.794699,120.94498,
552,南投縣,NT-ZY-AP1,"1-仁愛鄉中原部落-NT-ZY-AP1",24.0634,120.9687,
553,南投縣,NT-ZY-AP2,"1-仁愛鄉中原部落-NT-ZY-AP2",24.06349,120.96913,
554,南投縣,NT-ZY-AP3,"1-仁愛鄉中原部落-NT-ZY-AP3",24.06664,120.97292,
555,南投縣,NT-ZY-AP4,"1-仁愛鄉中原部落-NT-ZY-AP4",24.0666,120.97283,
556,南投縣,NT-ZY-AP5,"1-仁愛鄉中原部落-NT-ZY-AP5",24.06946,120.97549,
557,南投縣,NT-ZY-AP6,"1-仁愛鄉中原部落-NT-ZY-AP6",24.06956,120.97543,
558,屏東縣,三地-AP4,2-三地門鄉-三地部落-三地-AP4,22.71617,120.65301,
559,屏東縣,三地-AP5,2-三地門鄉-三地部落-三地-AP5,22.71643,120.65232,
560,屏東縣,三地-AP6,2-三地門鄉-三地部落-三地-AP6,22.7155,120.65174,
561,屏東縣,三地-AP1,2-三地門鄉-三地部落-三地-AP1,22.71492,120.65302,1
562,屏東縣,三地-AP2,2-三地門鄉-三地部落-三地-AP2,22.71418,120.6535,
563,屏東縣,三地-AP8,2-三地門鄉-三地部落-三地-AP8,22.71474,120.65205,
564,屏東縣,三地-AP3,2-三地門鄉-三地部落-三地-AP3,22.71711,120.65131,
565,屏東縣,三地-AP9,2-三地門鄉-三地部落-三地-AP9,22.71754,120.65107,
566,屏東縣,三地-AP7,2-三地門鄉-三地部落-三地-AP7,22.71569,120.65439,1
567,屏東縣,安坡-AP1,5-三地門鄉-安坡部落-安坡-AP1,22.79806,120.6379,1
568,屏東縣,安坡-AP3,5-三地門鄉-安坡部落-安坡-AP3,22.79901,120.63838,
569,屏東縣,安坡-AP4,5-三地門鄉-安坡部落-安坡-AP4,22.7982,120.63882,
570,屏東縣,安坡-AP2,5-三地門鄉-安坡部落-安坡-AP2,22.79553,120.63503,
571,屏東縣,達來-AP1,5-三地門鄉-達來部落-達來-AP1,22.72518,120.66744,
572,屏東縣,達來-AP2,5-三地門鄉-達來部落-達來-AP2,22.72598,120.66755,1
573,屏東縣,達來-AP3,5-三地門鄉-達來部落-達來-AP3,22.72642,120.66838,
574,屏東縣,達來-AP4,5-三地門鄉-達來部落-達來-AP4,22.72913,120.66769,
575,屏東縣,大梅-AP1,5-牡丹鄉-大梅部落-大梅-AP1,22.10166,120.74698,1
576,屏東縣,大梅-AP2,5-牡丹鄉-大梅部落-大梅-AP2,22.10096,120.74625,
577,屏東縣,大梅-AP3,5-牡丹鄉-大梅部落-大梅-AP3,22.09921,120.74776,
578,屏東縣,來義-AP1,5-來義鄉-來義部落-來義-AP1,22.5261,120.6764,1
579,屏東縣,來義-AP2,5-來義鄉-來義部落-來義-AP2,22.52479,120.67639,
580,屏東縣,高見-AP1,5-來義鄉-高見部落-高見-AP1,22.43606,120.64123,
581,屏東縣,高見-AP4,5-來義鄉-高見部落-高見-AP4,22.43544,120.63955,
582,屏東縣,高見-AP6,5-來義鄉-高見部落-高見-AP6,22.43647,120.64,
583,屏東縣,高見-AP5,5-來義鄉-高見部落-高見-AP5,22.43477,120.63807,
584,屏東縣,高見-AP2,5-來義鄉-高見部落-高見-AP2,22.43641,120.64241,
585,屏東縣,高見-AP3,5-來義鄉-高見部落-高見-AP3,22.43674,120.64324,1
586,屏東縣,望嘉-AP1,5-來義鄉-望嘉部落-望嘉-AP1,22.46373,120.62144,1
587,屏東縣,望嘉-AP4,5-來義鄉-望嘉部落-望嘉-AP4,22.46413,120.62058,
588,屏東縣,望嘉-AP2,5-來義鄉-望嘉部落-望嘉-AP2,22.46304,120.62154,
589,屏東縣,望嘉-AP3,5-來義鄉-望嘉部落-望嘉-AP3,22.4645,120.61984,
590,屏東縣,望嘉-AP5,5-來義鄉-望嘉部落-望嘉-AP5,22.46493,120.61906,
591,屏東縣,望嘉-AP6,5-來義鄉-望嘉部落-望嘉-AP6,22.4638,120.61941,
592,屏東縣,大社-AP1,2-三地門鄉-大社部落-大社-AP1,22.69413,120.63863,1
593,屏東縣,大社-AP2,2-三地門鄉-大社部落-大社-AP2,22.69417,120.63909,
594,屏東縣,大社-AP3,2-三地門鄉-大社部落-大社-AP3,22.69661,120.64092,
595,屏東縣,大社-AP4,2-三地門鄉-大社部落-大社-AP4,22.69354,120.63779,
596,屏東縣,大社-AP5,2-三地門鄉-大社部落-大社-AP5,22.69297,120.63712,
597,屏東縣,大社-AP6,2-三地門鄉-大社部落-大社-AP6,22.69187,120.63652,
598,屏東縣,新來義社區-AP1,5-來義鄉-新來義社區-新來義社區-AP1,22.50884,120.58259,1
599,屏東縣,新來義社區-AP5,5-來義鄉-新來義社區-新來義社區-AP5,22.50875,120.57976,
600,屏東縣,新來義社區-AP6,5-來義鄉-新來義社區-新來義社區-AP6,22.5075,120.57944,
601,屏東縣,新來義社區-AP3,5-來義鄉-新來義社區-新來義社區-AP3,22.50923,120.58165,
602,屏東縣,新來義社區-AP4,5-來義鄉-新來義社區-新來義社區-AP4,22.50938,120.58045,
603,屏東縣,新來義社區-AP7,5-來義鄉-新來義社區-新來義社區-AP7,22.50737,120.58112,
604,屏東縣,新來義社區-AP8,5-來義鄉-新來義社區-新來義社區-AP8,22.50778,120.58273,
605,屏東縣,新來義社區-AP2,5-來義鄉-新來義社區-新來義社區-AP2,22.5086,120.58377,
606,屏東縣,新來義社區-AP9,5-來義鄉-新來義社區-新來義社區-AP9,22.50828,120.58456,
607,屏東縣,佳平-AP1,5-泰武鄉-佳平部落-佳平-AP1,22.59153,120.63169,
608,屏東縣,佳平-AP2,5-泰武鄉-佳平部落-佳平-AP2,22.59176,120.63264,
609,屏東縣,佳平-AP5,5-泰武鄉-佳平部落-佳平-AP5,22.59215,120.63133,
610,屏東縣,佳平-AP3,5-泰武鄉-佳平部落-佳平-AP3,22.59148,120.63057,
611,屏東縣,佳平-AP4,5-泰武鄉-佳平部落-佳平-AP4,22.59146,120.62915,1
612,屏東縣,內文-AP1,5-獅子鄉-內文部落-內文-AP1,22.21876,120.85065,
613,屏東縣,內文-AP2,5-獅子鄉-內文部落-內文-AP2,22.21989,120.85011,1
614,屏東縣,內文-AP3,5-獅子鄉-內文部落-內文-AP3,22.21731,120.85068,
615,屏東縣,橋西-AP1,5-獅子鄉-橋西部落-橋西-AP1,22.23395,120.80131,1
616,屏東縣,橋西-AP2,5-獅子鄉-橋西部落-橋西-AP2,22.23324,120.80041,
617,屏東縣,涼山-AP1,5-瑪家鄉-涼山部落-涼山-AP1,22.69014,120.63687,
618,屏東縣,涼山-AP6,5-瑪家鄉-涼山部落-涼山-AP6,22.69122,120.63932,1
619,屏東縣,涼山-AP2,5-瑪家鄉-涼山部落-涼山-AP2,22.69031,120.63777,
620,屏東縣,涼山-AP3,5-瑪家鄉-涼山部落-涼山-AP3,22.68988,120.6379,
621,屏東縣,涼山-AP4,5-瑪家鄉-涼山部落-涼山-AP4,22.69035,120.63869,
622,屏東縣,涼山-AP5,5-瑪家鄉-涼山部落-涼山-AP5,22.691,120.63966,
623,屏東縣,青山-AP1,2-三地門鄉-青山部落-青山-AP1,22.82017,120.6404,
624,屏東縣,青山-AP2,2-三地門鄉-青山部落-青山-AP2,22.81936,120.63997,
625,屏東縣,青山-AP3,2-三地門鄉-青山部落-青山-AP3,22.81852,120.64057,
626,屏東縣,青山-AP4,2-三地門鄉-青山部落-青山-AP4,22.8181,120.64087,
627,屏東縣,青山-AP5,2-三地門鄉-青山部落-青山-AP5,22.81671,120.6403,
628,屏東縣,石門-AP1,2-牡丹鄉-石門部落-石門-AP1,22.12586,120.77425,
629,屏東縣,石門-AP4,2-牡丹鄉-石門部落-石門-AP4,22.12676,120.77495,
630,屏東縣,石門-AP2,2-牡丹鄉-石門部落-石門-AP2,22.12568,120.7734,
631,屏東縣,石門-AP3,2-牡丹鄉-石門部落-石門-AP3,22.1267,120.77381,
632,屏東縣,石門-AP5,2-牡丹鄉-石門部落-石門-AP5,22.12762,120.77585,
633,屏東縣,石門-AP6,2-牡丹鄉-石門部落-石門-AP6,22.12936,120.77746,
634,屏東縣,高士-AP1,2-牡丹鄉-高士部落-高士-AP1,22.12048,120.84659,
635,屏東縣,高士-AP2,2-牡丹鄉-高士部落-高士-AP2,22.12089,120.84753,
636,屏東縣,高士-AP3,2-牡丹鄉-高士部落-高士-AP3,22.12133,120.84671,
637,屏東縣,高士-AP4,2-牡丹鄉-高士部落-高士-AP4,22.12216,120.83808,
638,屏東縣,高士-AP5,2-牡丹鄉-高士部落-高士-AP5,22.12128,120.83713,
639,屏東縣,高士-AP6,2-牡丹鄉-高士部落-高士-AP6,22.12345,120.83992,
640,屏東縣,武潭-AP4,2-泰武鄉-武潭部落-武潭-AP4,22.57825,120.63534,
641,屏東縣,武潭-AP5,2-泰武鄉-武潭部落-武潭-AP5,22.57775,120.63632,
642,屏東縣,武潭-AP6,2-泰武鄉-武潭部落-武潭-AP6,22.57719,120.63511,
643,屏東縣,武潭-AP3,2-泰武鄉-武潭部落-武潭-AP3,22.57871,120.63549,
644,屏東縣,武潭-AP7,2-泰武鄉-武潭部落-武潭-AP7,22.57777,120.63494,
645,屏東縣,武潭-AP2,2-泰武鄉-武潭部落-武潭-AP2,22.57906,120.63381,
646,屏東縣,武潭-AP8,2-泰武鄉-武潭部落-武潭-AP8,22.57811,120.63401,
647,屏東縣,武潭-AP1,2-泰武鄉-武潭部落-武潭-AP1,22.57818,120.63236,
648,屏東縣,玉泉-AP2,2-瑪家鄉-玉泉部落-玉泉-AP2,22.70883,120.61875,
649,屏東縣,玉泉-AP1,2-瑪家鄉-玉泉部落-玉泉-AP1,22.71,120.61761,
650,屏東縣,玉泉-AP3,2-瑪家鄉-玉泉部落-玉泉-AP3,22.70854,120.61903,
651,屏東縣,玉泉-AP4,2-瑪家鄉-玉泉部落-玉泉-AP4,22.70879,120.61955,
652,屏東縣,玉泉-AP5,2-瑪家鄉-玉泉部落-玉泉-AP5,22.7081,120.61941,
653,屏東縣,玉泉-AP6,2-瑪家鄉-玉泉部落-玉泉-AP6,22.70805,120.61818,
654,屏東縣,佳義-AP1,2-瑪家鄉-佳義部落-佳義-AP1,22.65381,120.63104,
655,屏東縣,佳義-AP5,2-瑪家鄉-佳義部落-佳義-AP5,22.65371,120.6331,
656,屏東縣,佳義-AP6,2-瑪家鄉-佳義部落-佳義-AP6,22.65369,120.6322,
657,屏東縣,佳義-AP2,2-瑪家鄉-佳義部落-佳義-AP2,22.65435,120.63072,
658,屏東縣,佳義-AP3,2-瑪家鄉-佳義部落-佳義-AP3,22.65484,120.63026,
659,屏東縣,佳義-AP4,2-瑪家鄉-佳義部落-佳義-AP4,22.65451,120.63212,
660,屏東縣,霧臺-AP1,2-霧臺鄉-霧臺部落-霧臺-AP1,22.7442,120.73193,1
661,屏東縣,霧臺-AP2,2-霧臺鄉-霧臺部落-霧臺-AP2,22.74402,120.73186,1
662,屏東縣,霧臺-AP3,2-霧臺鄉-霧臺部落-霧臺-AP3,22.74304,120.73137,
663,屏東縣,霧臺-AP4,2-霧臺鄉-霧臺部落-霧臺-AP4,22.74427,120.7308,
664,屏東縣,霧臺-AP5,2-霧臺鄉-霧臺部落-霧臺-AP5,22.74465,120.73098,
665,屏東縣,霧臺-AP6,2-霧臺鄉-霧臺部落-霧臺-AP6,22.74456,120.73181,
666,屏東縣,霧臺-AP7,2-霧臺鄉-霧臺部落-霧臺-AP7,22.7441,120.73141,
667,屏東縣,霧臺-AP8,2-霧臺鄉-霧臺部落-霧臺-AP8,22.74541,120.73054,
668,屏東縣,霧臺-AP9,2-霧臺鄉-霧臺部落-霧臺-AP9,22.7456,120.73112,
669,屏東縣,七佳-AP1,3-春日鄉-七佳部落-七佳-AP1,22.42779,120.62672,
670,屏東縣,七佳-AP2,3-春日鄉-七佳部落-七佳-AP2,22.42747,120.62734,
671,屏東縣,七佳-AP3,3-春日鄉-七佳部落-七佳-AP3,22.42819,120.62807,
672,屏東縣,七佳-AP4,3-春日鄉-七佳部落-七佳-AP4,22.42827,120.62945,
673,屏東縣,七佳-AP6,3-春日鄉-七佳部落-七佳-AP6,22.42859,120.62863,
674,屏東縣,七佳-AP5,3-春日鄉-七佳部落-七佳-AP5,22.42873,120.62759,
675,屏東縣,七佳-AP7,3-春日鄉-七佳部落-七佳-AP7,22.42896,120.62697,
676,屏東縣,七佳-AP8,3-春日鄉-七佳部落-七佳-AP8,22.4295,120.62749,
677,屏東縣,文樂-AP1,3-來義鄉-文樂部落-文樂-AP1,22.49355,120.62355,
678,屏東縣,文樂-AP2,3-來義鄉-文樂部落-文樂-AP2,22.49328,120.62437,
679,屏東縣,文樂-AP3,3-來義鄉-文樂部落-文樂-AP3,22.49329,120.62486,
680,屏東縣,文樂-AP4,3-來義鄉-文樂部落-文樂-AP4,22.49252,120.62469,
681,屏東縣,文樂-AP5,3-來義鄉-文樂部落-文樂-AP5,22.49144,120.62484,
682,屏東縣,文樂-AP6,3-來義鄉-文樂部落-文樂-AP6,22.49082,120.62581,
683,屏東縣,吾拉魯滋-AP2,3-泰武鄉-吾拉魯滋部落-吾拉魯滋-AP2,22.60435,120.61212,
684,屏東縣,吾拉魯滋-AP2,3-泰武鄉-吾拉魯滋部落-吾拉魯滋-AP2,22.60435,120.61212,
685,屏東縣,吾拉魯滋-AP1,3-泰武鄉-吾拉魯滋部落-吾拉魯滋-AP1,22.60449,120.61103,1
686,屏東縣,吾拉魯滋-AP3,3-泰武鄉-吾拉魯滋部落-吾拉魯滋-AP3,22.605279,120.611067,
687,屏東縣,吾拉魯滋-AP4,3-泰武鄉-吾拉魯滋部落-吾拉魯滋-AP4,22.60709,120.61099,
688,屏東縣,吾拉魯滋-AP8,3-泰武鄉-吾拉魯滋部落-吾拉魯滋-AP8,22.60602,120.61105,
689,屏東縣,吾拉魯滋-AP5,3-泰武鄉-吾拉魯滋部落-吾拉魯滋-AP5,22.60661,120.6125,
690,屏東縣,吾拉魯滋-AP6,3-泰武鄉-吾拉魯滋部落-吾拉魯滋-AP6,22.60593,120.61194,
691,屏東縣,吾拉魯滋-AP7,3-泰武鄉-吾拉魯滋部落-吾拉魯滋-AP7,22.60516,120.61253,
692,屏東縣,北葉-AP1,3-瑪家鄉-北葉部落-北葉-AP1,22.70325,120.6478,
693,屏東縣,北葉-AP2,3-瑪家鄉-北葉部落-北葉-AP2,22.70288,120.64718,
694,屏東縣,北葉-AP3,3-瑪家鄉-北葉部落-北葉-AP3,22.70181,120.6462,
695,屏東縣,北葉-AP4,3-瑪家鄉-北葉部落-北葉-AP4,22.70079,120.64521,
696,屏東縣,北葉-AP5,3-瑪家鄉-北葉部落-北葉-AP5,22.70152,120.6471,
697,屏東縣,北葉-AP6,3-瑪家鄉-北葉部落-北葉-AP6,22.70126,120.6478,
698,屏東縣,北葉-AP7,3-瑪家鄉-北葉部落-北葉-AP7,22.70043,120.64617,
699,屏東縣,北葉-AP8,3-瑪家鄉-北葉部落-北葉-AP8,22.70016,120.64679,
700,屏東縣,PD-DY-AP1,"1-牡丹鄉東源部落-PD-DY-AP1",22.20354,120.85016,
701,屏東縣,PD-DY-AP2,"1-牡丹鄉東源部落-PD-DY-AP2",22.20328,120.84991,
702,屏東縣,PD-DY-AP3,"1-牡丹鄉東源部落-PD-DY-AP3",22.20397,120.85061,
703,屏東縣,PD-DY-AP4,"1-牡丹鄉東源部落-PD-DY-AP4",22.20418,120.8508,
704,屏東縣,PD-DY-AP5,"1-牡丹鄉東源部落-PD-DY-AP5",22.20559,120.85229,
705,屏東縣,PD-DY-AP6,"1-牡丹鄉東源部落-PD-DY-AP6",22.20582,120.85239,
706,屏東縣,PT-CY-AP1,"4-三地門鄉青葉部落-PT-CY-AP1",22.837656,120.638433,
707,屏東縣,PT-CY-AP2,"4-三地門鄉青葉部落-PT-CY-AP2",22.83762,120.637879,
708,屏東縣,PT-CY-AP3,"4-三地門鄉青葉部落-PT-CY-AP3",22.838218,120.6,
709,屏東縣,PT-CY-AP4,"4-三地門鄉青葉部落-PT-CY-AP4",22.838253,120.6,
710,屏東縣,PT-CY-AP5,"4-三地門鄉青葉部落-PT-CY-AP5",22.838974,120.638365,
711,屏東縣,PT-CY-AP6,"4-三地門鄉青葉部落-PT-CY-AP6",22.839235,120.637788,
712,屏東縣,PT-HH-AP1,"4-牡丹鄉旭海(馬查蘭)部落-PT-HH-AP1",22.191005,120.879856,
713,屏東縣,PT-HH-AP2,"4-牡丹鄉旭海(馬查蘭)部落-PT-HH-AP2",22.190824,120.879501,
714,屏東縣,PT-HH-AP3,"4-牡丹鄉旭海(馬查蘭)部落-PT-HH-AP3",22.192875,120.881114,
715,屏東縣,PT-HH-AP4,"4-牡丹鄉旭海(馬查蘭)部落-PT-HH-AP4",22.193234,120.880816,
716,屏東縣,PT-HH-AP5,"4-牡丹鄉旭海(馬查蘭)部落-PT-HH-AP5",22.19581,120.889229,
717,屏東縣,PT-HH-AP6,"4-牡丹鄉旭海(馬查蘭)部落-PT-HH-AP6",22.196278,120.889463,
718,屏東縣,PT-HH-AP7,"4-牡丹鄉旭海(馬查蘭)部落-PT-HH-AP7",22.189933,120.877663,
719,屏東縣,PT-HTP-AP1,"4-獅子鄉下草埔部落-PT-HTP-AP1",22.230189,120.798766,
720,屏東縣,PT-HTP-AP2,"4-獅子鄉下草埔部落-PT-HTP-AP2",22.230072,120.799274,
721,屏東縣,PT-HTP-AP3,"4-獅子鄉下草埔部落-PT-HTP-AP3",22.233301,120.801305,
722,屏東縣,PT-HTP-AP4,"4-獅子鄉下草埔部落-PT-HTP-AP4",22.233662,120.801012,
723,屏東縣,PT-HTP-AP5,"4-獅子鄉下草埔部落-PT-HTP-AP5",22.234409,120.802786,
724,屏東縣,PT-HTP-AP6,"4-獅子鄉下草埔部落-PT-HTP-AP6",22.234832,120.802831,
725,屏東縣,PT-KC-AP1,"4-春日鄉歸崇部落-PT-KC-AP1",22.427155,120.627786,
726,屏東縣,PT-KC-AP2,"4-春日鄉歸崇部落-PT-KC-AP2",22.427416,120.628568,
727,屏東縣,PT-KC-AP3,"4-春日鄉歸崇部落-PT-KC-AP3",22.428388,120.628929,
728,屏東縣,PT-KC-AP4,"4-春日鄉歸崇部落-PT-KC-AP4",22.427892,120.629951,
729,屏東縣,PT-KC-AP5,"4-春日鄉歸崇部落-PT-KC-AP5",22.428497,120.630671,
730,屏東縣,PT-KC-AP6,"4-春日鄉歸崇部落-PT-KC-AP6",22.42829,120.631066,
731,屏東縣,PT-KH-AP1,"4-春日鄉古華部落-PT-KH-AP1",22.360268,120.626499,
732,屏東縣,PT-KH-AP2,"4-春日鄉古華部落-PT-KH-AP2",22.35955,120.626439,
733,屏東縣,PT-KH-AP3,"4-春日鄉古華部落-PT-KH-AP3",22.359389,120.627618,
734,屏東縣,PT-KH-AP4,"4-春日鄉古華部落-PT-KH-AP4",22.359399,120.627641,
735,屏東縣,PT-KH-AP5,"4-春日鄉古華部落-PT-KH-AP5",22.35903,120.628879,
736,屏東縣,PT-KH-AP6,"4-春日鄉古華部落-PT-KH-AP6",22.359578,120.628624,
737,屏東縣,PT-KS-AP1,"4-三地門鄉口社部落-PT-KS-AP1",22.768324,120.648076,
738,屏東縣,PT-KS-AP2,"4-三地門鄉口社部落-PT-KS-AP2",22.76839,120.64871,
739,屏東縣,PT-KS-AP3,"4-三地門鄉口社部落-PT-KS-AP3",22.769623,120.647687,
740,屏東縣,PT-KS-AP4,"4-三地門鄉口社部落-PT-KS-AP4",22.768722,120.64715,
741,屏東縣,PT-KS-AP5,"4-三地門鄉口社部落-PT-KS-AP5",22.769296,120.645658,
742,屏東縣,PT-KS-AP6,"4-三地門鄉口社部落-PT-KS-AP6",22.770018,120.644671,
743,屏東縣,PT-SC-AP1,"4-三地門鄉賽嘉部落-PT-SC-AP1",22.74341,120.638326,
744,屏東縣,PT-SC-AP2,"4-三地門鄉賽嘉部落-PT-SC-AP2",22.743767,120.638168,
745,屏東縣,PT-SC-AP3,"4-三地門鄉賽嘉部落-PT-SC-AP3",22.744044,120.636366,
746,屏東縣,PT-SC-AP4,"4-三地門鄉賽嘉部落-PT-SC-AP4",22.74415,120.636794,
747,屏東縣,PT-SC-AP5,"4-三地門鄉賽嘉部落-PT-SC-AP5",22.744466,120.637311,
748,屏東縣,PT-SC-AP6,"4-三地門鄉賽嘉部落-PT-SC-AP6",22.744446,120.637756,
749,屏東縣,PT-SH-AP1,"4-瑪家鄉三和部落-PT-SH-AP1",22.703028,120.608638,
750,屏東縣,PT-SH-AP2,"4-瑪家鄉三和部落-PT-SH-AP2",22.703508,120.609407,
751,屏東縣,PT-SH-AP3,"4-瑪家鄉三和部落-PT-SH-AP3",22.703633,120.608189,
752,屏東縣,PT-SH-AP4,"4-瑪家鄉三和部落-PT-SH-AP4",22.703572,120.607765,
753,屏東縣,PT-SH-AP5,"4-瑪家鄉三和部落-PT-SH-AP5",22.703428,120.606639,
754,屏東縣,PT-SH-AP6,"4-瑪家鄉三和部落-PT-SH-AP6",22.703007,120.606488,
755,屏東縣,PT-SS-AP1,"4-霧臺鄉神山部落-PT-SS-AP1",22.749519,120.727651,
756,屏東縣,PT-SS-AP2,"4-霧臺鄉神山部落-PT-SS-AP2",22.749456,120.72859,
757,屏東縣,PT-SS-AP3,"4-霧臺鄉神山部落-PT-SS-AP3",22.75025,120.729648,
758,屏東縣,PT-SS-AP4,"4-霧臺鄉神山部落-PT-SS-AP4",22.750338,120.729109,
759,屏東縣,PT-SS-AP5,"4-霧臺鄉神山部落-PT-SS-AP5",22.751086,120.727456,
760,屏東縣,PT-SS-AP6,"4-霧臺鄉神山部落-PT-SS-AP6",22.751047,120.726682,
761,屏東縣,PT-SS-AP7,"4-霧臺鄉神山部落-PT-SS-AP7",22.749441,120.728821,
762,苗栗縣,天狗AP1,3-泰安鄉-天狗部落-天狗AP1,24.39334,120.97822,
763,苗栗縣,天狗AP2,3-泰安鄉-天狗部落-天狗AP2,24.39247,120.97957,1
764,苗栗縣,天狗AP3,3-泰安鄉-天狗部落-天狗AP3,24.39174,120.9781,
765,苗栗縣,天狗AP4,3-泰安鄉-天狗部落-天狗AP4,24.39075,120.97772,
766,苗栗縣,天狗AP5,3-泰安鄉-天狗部落-天狗AP5,24.39165,120.9773,
767,苗栗縣,天狗AP6,3-泰安鄉-天狗部落-天狗AP6,24.39204,120.97707,
768,苗栗縣,斯瓦細格-AP1,3-泰安鄉-斯瓦細格部落-斯瓦細格-AP1,24.47001,120.96886,
769,苗栗縣,斯瓦細格-AP2,3-泰安鄉-斯瓦細格部落-斯瓦細格-AP2,24.46999,120.96963,
770,苗栗縣,斯瓦細格-AP3,3-泰安鄉-斯瓦細格部落-斯瓦細格-AP3,24.47027,120.96908,
771,苗栗縣,斯瓦細格-AP4,3-泰安鄉-斯瓦細格部落-斯瓦細格-AP4,24.47016,120.96854,
772,苗栗縣,瓦祿-AP4,3-南庄鄉-瓦祿部落-瓦祿-AP4,24.60006,121.04187,
773,苗栗縣,瓦祿-AP1,3-南庄鄉-瓦祿部落-瓦祿-AP1,24.60079,121.04006,
774,苗栗縣,瓦祿-AP2,3-南庄鄉-瓦祿部落-瓦祿-AP2,24.59977,121.04017,
775,苗栗縣,瓦祿-AP3,3-南庄鄉-瓦祿部落-瓦祿-AP3,24.59876,121.04098,
776,苗栗縣,瓦祿-AP5,3-南庄鄉-瓦祿部落-瓦祿-AP5,24.5981,121.04307,
777,苗栗縣,瓦祿-AP6,3-南庄鄉-瓦祿部落-瓦祿-AP6,24.59659,121.04417,
778,苗栗縣,司馬限-AP1,5-泰安鄉-司馬限部落-司馬限-AP1,24.40161,120.93675,1
779,苗栗縣,司馬限-AP2,5-泰安鄉-司馬限部落-司馬限-AP2,24.40383,120.93885,
780,苗栗縣,ML-HTP-AP1,"4-泰安鄉細道邦部落-ML-HTP-AP1",24.393629,120.91972,
781,苗栗縣,ML-HTP-AP2,"4-泰安鄉細道邦部落-ML-HTP-AP2",24.394167,120.920239,
782,苗栗縣,ML-HTP-AP3,"4-泰安鄉細道邦部落-ML-HTP-AP3",24.392261,120.925067,
783,苗栗縣,ML-HTP-AP4,"4-泰安鄉細道邦部落-ML-HTP-AP4",24.391633,120.924849,
784,苗栗縣,ML-HTP-AP5,"4-泰安鄉細道邦部落-ML-HTP-AP5",24.402262,120.936724,
785,苗栗縣,ML-MNP-AP1,"4-泰安鄉馬那邦部落-ML-MNP-AP1",24.345945,120.934095,
786,苗栗縣,ML-MNP-AP2,"4-泰安鄉馬那邦部落-ML-MNP-AP2",24.346437,120.93373,
787,苗栗縣,ML-MNP-AP3,"4-泰安鄉馬那邦部落-ML-MNP-AP3",24.344569,120.927372,
788,苗栗縣,ML-MNP-AP4,"4-泰安鄉馬那邦部落-ML-MNP-AP4",24.345491,120.922216,
789,苗栗縣,ML-MNP-AP5,"4-泰安鄉馬那邦部落-ML-MNP-AP5",24.346505,120.927129,
790,苗栗縣,ML-MNP-AP6,"4-泰安鄉馬那邦部落-ML-MNP-AP6",24.345896,120.928136,
791,苗栗縣,ML-YT-AP1,"4-泰安鄉圓墩部落-ML-YT-AP1",24.471874,120.941951,
792,苗栗縣,ML-YT-AP2,"4-泰安鄉圓墩部落-ML-YT-AP2",24.472305,120.942152,
793,苗栗縣,ML-YT-AP3,"4-泰安鄉圓墩部落-ML-YT-AP3",24.467293,120.945243,
794,苗栗縣,ML-YT-AP4,"4-泰安鄉圓墩部落-ML-YT-AP4",24.467536,120.945647,
795,苗栗縣,ML-YT-AP5,"4-泰安鄉圓墩部落-ML-YT-AP5",24.465965,120.940179,
796,苗栗縣,ML-YT-AP6,"4-泰安鄉圓墩部落-ML-YT-AP6",24.466191,120.938999,
797,桃園市,羅浮-AP4,3-復興區-羅浮部落-羅浮-AP4,24.79524,121.36331,
798,桃園市,羅浮-AP5,3-復興區-羅浮部落-羅浮-AP5,24.79406,121.36429,
799,桃園市,羅浮-AP1,3-復興區-羅浮部落-羅浮-AP1,24.79919,121.36522,
800,桃園市,羅浮-AP2,3-復興區-羅浮部落-羅浮-AP2,24.79852,121.36394,
801,桃園市,羅浮-AP3,3-復興區-羅浮部落-羅浮-AP3,24.7976,121.36282,
802,桃園市,羅浮-AP6,3-復興區-羅浮部落-羅浮-AP6,24.79295,121.36666,
803,桃園市,竹頭角-AP1,5-復興區-竹頭角部落-竹頭角-AP1,24.80004,121.30705,
804,桃園市,竹頭角-AP2,5-復興區-竹頭角部落-竹頭角-AP2,24.80027,121.30786,
805,桃園市,竹頭角-AP3,5-復興區-竹頭角部落-竹頭角-AP3,24.80003,121.30643,1
806,桃園市,竹頭角-AP4,5-復興區-竹頭角部落-竹頭角-AP4,24.80051,121.30555,
807,桃園市,中奎輝-AP1,5-復興區-中奎輝部落-中奎輝-AP1,24.79713,121.3342,1
808,桃園市,中奎輝-AP2,5-復興區-中奎輝部落-中奎輝-AP2,24.79616,121.33453,
809,桃園市,中奎輝-AP3,5-復興區-中奎輝部落-中奎輝-AP3,24.79619,121.33524,
810,桃園市,中奎輝-AP4,5-復興區-中奎輝部落-中奎輝-AP4,24.79725,121.33305,
811,桃園市,中奎輝-AP5,5-復興區-中奎輝部落-中奎輝-AP5,24.7975,121.33191,
812,桃園市,比亞外-AP1,5-復興區-比亞外部落-比亞外-AP1,24.72643,121.35421,1
813,桃園市,比亞外-AP2,5-復興區-比亞外部落-比亞外-AP2,24.72738,121.35405,
814,桃園市,TY-CKP-AP1,"4-復興區基國派部落-TY-CKP-AP1",24.835065,121.334194,
815,桃園市,TY-CKP-AP2,"4-復興區基國派部落-TY-CKP-AP2",24.83439,121.334269,
816,桃園市,TY-CKP-AP3,"4-復興區基國派部落-TY-CKP-AP3",24.841247,121.348044,
817,桃園市,TY-CKP-AP4,"4-復興區基國派部落-TY-CKP-AP4",24.841205,121.348014,
818,桃園市,TY-CKP-AP5,"4-復興區基國派部落-TY-CKP-AP5",24.838548,121.349106,
819,桃園市,TY-HGH-AP1,"示範計畫-復興區後光華部落-TY-HGH-AP1",24.66472,121.39765,
820,桃園市,TY-HGH-AP2,"示範計畫-復興區後光華部落-TY-HGH-AP2",24.66394,121.39693,
821,桃園市,TY-HGH-AP3,"示範計畫-復興區後光華部落-TY-HGH-AP3",24.664859,121.398194,
822,桃園市,TY-HGH-AP4,"示範計畫-復興區後光華部落-TY-HGH-AP4",24.66523,121.398282,
823,桃園市,TY-HGW-AP1,"示範計畫-復興區哈嘎灣部落-TY-HGW-AP1",24.65514,121.39937,
824,桃園市,TY-HGW-AP2,"示範計畫-復興區哈嘎灣部落-TY-HGW-AP2",24.65385,121.39847,
825,桃園市,TY-HGW-AP3,"示範計畫-復興區哈嘎灣部落-TY-HGW-AP3",24.6552,121.39966,
826,桃園市,TY-KL-AP1,"示範計畫-復興區卡拉部落-TY-KL-AP1",24.69195,121.40363,
827,桃園市,TY-KL-AP2,"示範計畫-復興區卡拉部落-TY-KL-AP2",24.69162,121.40381,
828,桃園市,TY-KL-AP3,"示範計畫-復興區卡拉部落-TY-KL-AP3",24.6913,121.40369,
829,桃園市,TY-SBL-AP1,"示範計畫-復興區上巴陵部落-TY-SBL-AP1",24.685,121.39533,
830,桃園市,TY-SBL-AP2,"示範計畫-復興區上巴陵部落-TY-SBL-AP2",24.68592,121.3987,
831,桃園市,TY-SBL-AP3,"示範計畫-復興區上巴陵部落-TY-SBL-AP3",24.68635,121.39972,
832,桃園市,TY-SLZ-AP1,"示範計畫-復興區砂崙子部落-TY-SLZ-AP1",24.672272,121.355694,
833,桃園市,TY-SLZ-AP2,"示範計畫-復興區砂崙子部落-TY-SLZ-AP2",24.670872,121.355076,
834,桃園市,TY-SLZ-AP3,"示範計畫-復興區砂崙子部落-TY-SLZ-AP3",24.670897,121.354288,
835,桃園市,TY-SLZ-AP4,"示範計畫-復興區砂崙子部落-TY-SLZ-AP4",24.670843,121.35402,
836,桃園市,TY-SLZ-AP5,"示範計畫-復興區砂崙子部落-TY-SLZ-AP5",24.670138,121.353071,
837,桃園市,TY-WDNG-AP1,"示範計畫-復興區武道能敢部落-TY-WDNG-AP1",24.67302,121.36659,
838,桃園市,TY-WDNG-AP2,"示範計畫-復興區武道能敢部落-TY-WDNG-AP2",24.67271,121.3669,
839,桃園市,TY-WDNG-AP3,"示範計畫-復興區武道能敢部落-TY-WDNG-AP3",24.67244,121.36698,
840,桃園市,TY-WDNG-AP4,"示範計畫-復興區武道能敢部落-TY-WDNG-AP4",24.673878,121.366727,
841,桃園市,TY-WDNG-AP5,"示範計畫-復興區武道能敢部落-TY-WDNG-AP5",24.674487,121.367295,
842,桃園市,TY-WDNG-AP6,"示範計畫-復興區武道能敢部落-TY-WDNG-AP6",24.674529,121.366435,
843,桃園市,TY-XWN-AP1,"示範計畫-復興區雪霧鬧部落-TY-XWN-AP1",24.74134,121.36603,
844,桃園市,TY-YH-AP1,"示範計畫-復興區爺亨部落-TY-YH-AP1",24.67058,121.37341,
845,桃園市,TY-YH-AP2,"示範計畫-復興區爺亨部落-TY-YH-AP2",24.67076,121.3741,
846,高雄市,瑪雅-AP1,3-那瑪夏區-瑪雅部落-瑪雅-AP1,23.23847,120.696,
847,高雄市,瑪雅-AP2,3-那瑪夏區-瑪雅部落-瑪雅-AP2,23.23947,120.69651,
848,高雄市,瑪雅-AP3,3-那瑪夏區-瑪雅部落-瑪雅-AP3,23.23884,120.69714,
849,高雄市,瑪雅-AP4,3-那瑪夏區-瑪雅部落-瑪雅-AP4,23.23755,120.69667,
850,高雄市,瑪雅-AP5,3-那瑪夏區-瑪雅部落-瑪雅-AP5,23.23776,120.69783,
851,高雄市,瑪雅-AP6,3-那瑪夏區-瑪雅部落-瑪雅-AP6,23.24147,120.69752,
852,高雄市,達卡努瓦-AP1,2-那瑪夏區-達卡努瓦部落-達卡努瓦-AP1,23.26897,120.7199,
853,高雄市,達卡努瓦-AP2,2-那瑪夏區-達卡努瓦部落-達卡努瓦-AP2,23.2678,120.72021,
854,高雄市,達卡努瓦-AP3,2-那瑪夏區-達卡努瓦部落-達卡努瓦-AP3,23.26767,120.71939,
855,高雄市,達卡努瓦-AP4,2-那瑪夏區-達卡努瓦部落-達卡努瓦-AP4,23.27906,120.71981,
856,高雄市,達卡努瓦-AP5,2-那瑪夏區-達卡努瓦部落-達卡努瓦-AP5,23.27943,120.71891,
857,高雄市,達卡努瓦-AP6,2-那瑪夏區-達卡努瓦部落-達卡努瓦-AP6,23.27811,120.71863,
858,高雄市,多納-AP1,2-茂林區-多納部落-多納-AP1,22.90986,120.71482,
859,高雄市,多納-AP4,2-茂林區-多納部落-多納-AP4,22.91034,120.71584,
860,高雄市,多納-AP2,2-茂林區-多納部落-多納-AP2,22.91104,120.7162,
861,高雄市,多納-AP3,2-茂林區-多納部落-多納-AP3,22.91114,120.71702,1
862,高雄市,多納-AP5,2-茂林區-多納部落-多納-AP5,22.91096,120.71551,
863,高雄市,高中-AP2,2-桃源區-高中部落-高中-AP2,23.13071,120.71936,
864,高雄市,高中-AP7,2-桃源區-高中部落-高中-AP7,23.13068,120.71884,
865,高雄市,高中-AP1,2-桃源區-高中部落-高中-AP1,23.13403,120.72274,
866,高雄市,高中-AP3,2-桃源區-高中部落-高中-AP3,23.12981,120.71826,
867,高雄市,高中-AP4,2-桃源區-高中部落-高中-AP4,23.12966,120.71758,1
868,高雄市,高中-AP5,2-桃源區-高中部落-高中-AP5,23.12915,120.71783,
869,高雄市,高中-AP6,2-桃源區-高中部落-高中-AP6,23.12895,120.71898,
870,高雄縣,KH-CS-AP1,"4-桃源區建山部落-KH-CS-AP1",23.10737,120.68394,
871,高雄縣,KH-CS-AP2,"4-桃源區建山部落-KH-CS-AP2",23.108076,120.683703,
872,高雄縣,KH-CS-AP3,"4-桃源區建山部落-KH-CS-AP3",23.106746,120.684031,
873,高雄縣,KH-CS-AP4,"4-桃源區建山部落-KH-CS-AP4",23.106563,120.682585,
874,高雄縣,KH-CS-AP5,"4-桃源區建山部落-KH-CS-AP5",23.105662,120.682644,
875,高雄縣,KH-CS-AP6,"4-桃源區建山部落-KH-CS-AP6",23.108421,120.686712,
876,高雄縣,KH-CS-AP7,"4-桃源區建山部落-KH-CS-AP7",23.107874,120.683202,
877,高雄縣,KH-ML-AP1,"4-茂林區茂林部落-KH-ML-AP1",22.885715,120.663477,
878,高雄縣,KH-ML-AP2,"4-茂林區茂林部落-KH-ML-AP2",22.886283,120.664173,
879,高雄縣,KH-ML-AP3,"4-茂林區茂林部落-KH-ML-AP3",22.887293,120.664276,
880,高雄縣,KH-ML-AP4,"4-茂林區茂林部落-KH-ML-AP4",22.88657,120.664794,
881,高雄縣,KH-ML-AP5,"4-茂林區茂林部落-KH-ML-AP5",22.886949,120.665944,
882,高雄縣,KH-ML-AP6,"4-茂林區茂林部落-KH-ML-AP6",22.88714,120.66577,
883,新北市,忠治(桶壁)-AP1,5-烏來區-忠治(桶壁)部落-忠治(桶壁)-AP1,24.88353,121.54889,
884,新北市,忠治(桶壁)-AP2,5-烏來區-忠治(桶壁)部落-忠治(桶壁)-AP2,24.8835,121.54821,
885,新北市,忠治(桶壁)-AP3,5-烏來區-忠治(桶壁)部落-忠治(桶壁)-AP3,24.88392,121.54867,1
886,新北市,原民會16樓AP,99-新莊區-原民會辦公室-原民會16樓AP,25.05688,121.44348,
887,新北市,烏來-AP2,3-烏來區-烏來部落-烏來-AP2,24.86368,121.5472,
888,新北市,烏來-AP3,3-烏來區-烏來部落-烏來-AP3,24.86349,121.54793,
889,新北市,烏來-AP4,3-烏來區-烏來部落-烏來-AP4,24.86336,121.54836,1
890,新北市,烏來-AP1,3-烏來區-烏來部落-烏來-AP1,24.86464,121.54844,
891,新北市,烏來-AP9,3-烏來區-烏來部落-烏來-AP9,24.86403,121.54842,
892,新北市,烏來-AP7,3-烏來區-烏來部落-烏來-AP7,24.86279,121.55147,
893,新北市,烏來-AP8,3-烏來區-烏來部落-烏來-AP8,24.86417,121.55158,
894,新北市,烏來-AP5,3-烏來區-烏來部落-烏來-AP5,24.86117,121.55152,
895,新北市,烏來-AP6,3-烏來區-烏來部落-烏來-AP6,24.86183,121.55089,
896,新北市,原民會14樓AP,99-新莊區-原民會辦公室-原民會14樓AP,25.05688,121.44348,
897,新北市,原民會14樓AP,99-新莊區-原民會辦公室-原民會14樓AP,25.05688,121.44348,
898,新北市,原民會14樓AP,99-新莊區-原民會辦公室-原民會14樓AP,25.05688,121.44348,
899,新北市,原民會14樓AP,99-新莊區-原民會辦公室-原民會14樓AP,25.05688,121.44348,
900,新北市,原民會14樓AP,99-新莊區-原民會辦公室-原民會14樓AP,25.05688,121.44348,
901,新北市,原民會14樓AP,99-新莊區-原民會辦公室-原民會14樓AP,25.05688,121.44348,
902,新北市,原民會14樓AP,99-新莊區-原民會辦公室-原民會14樓AP,25.05688,121.44348,
903,新北市,原民會14樓AP,99-新莊區-原民會辦公室-原民會14樓AP,25.05688,121.44348,
904,新北市,原民會14樓AP,99-新莊區-原民會辦公室-原民會14樓AP,25.05688,121.44348,
905,新北市,原民會15樓AP,99-新莊區-原民會辦公室-原民會15樓AP,25.05688,121.44348,
906,新北市,原民會15樓AP,99-新莊區-原民會辦公室-原民會15樓AP,25.05688,121.44348,
907,新北市,原民會15樓AP,99-新莊區-原民會辦公室-原民會15樓AP,25.05688,121.44348,
908,新北市,原民會15樓AP,99-新莊區-原民會辦公室-原民會15樓AP,25.05688,121.44348,
909,新北市,原民會15樓AP,99-新莊區-原民會辦公室-原民會15樓AP,25.05688,121.44348,
910,新北市,原民會15樓AP,99-新莊區-原民會辦公室-原民會15樓AP,25.05688,121.44348,
911,新北市,原民會15樓AP,99-新莊區-原民會辦公室-原民會15樓AP,25.05688,121.44348,
912,新北市,原民會15樓AP,99-新莊區-原民會辦公室-原民會15樓AP,25.05688,121.44348,
913,新北市,原民會16樓AP,99-新莊區-原民會辦公室-原民會16樓AP,25.05688,121.44348,
914,新北市,原民會16樓AP,99-新莊區-原民會辦公室-原民會16樓AP,25.05688,121.44348,
915,新北市,原民會16樓AP,99-新莊區-原民會辦公室-原民會16樓AP,25.05688,121.44348,
916,新北市,原民會16樓AP,99-新莊區-原民會辦公室-原民會16樓AP,25.05688,121.44348,
917,新北市,原民會16樓AP,99-新莊區-原民會辦公室-原民會16樓AP,25.05688,121.44348,
918,新北市,原民會16樓AP,99-新莊區-原民會辦公室-原民會16樓AP,25.05688,121.44348,
919,新北市,原民會16樓AP,99-新莊區-原民會辦公室-原民會16樓AP,25.05688,121.44348,
920,新北市,原民會16樓AP,99-新莊區-原民會辦公室-原民會16樓AP,25.05688,121.44348,
921,新北市,信賢-AP1,5-烏來區-信賢部落-信賢-AP1,24.8355,121.52579,1
922,新北市,信賢-AP2,5-烏來區-信賢部落-信賢-AP2,24.8368,121.52624,
923,新北市,信賢-AP3,5-烏來區-信賢部落-信賢-AP3,24.8352,121.5251,
924,新北市,信賢-AP4,5-烏來區-信賢部落-信賢-AP4,24.83551,121.52369,
925,新北市,NTC-FS-AP1,4-烏來區-福山部落-NTC-FS-AP1,24.777028,121.502305,
926,新北市,NTC-FS-AP2,4-烏來區-福山部落-NTC-FS-AP2,24.777724,121.50226,
927,新北市,NTC-FS-AP3,4-烏來區-福山部落-NTC-FS-AP3,24.780105,121.503209,
928,新北市,NTC-FS-AP4,4-烏來區-福山部落-NTC-FS-AP4,24.779621,121.503033,
929,新北市,NTC-FS-AP5,4-烏來區-福山部落-NTC-FS-AP5,24.775128,121.500773,
930,新北市,NTC-FS-AP6,4-烏來區-福山部落-NTC-FS-AP6,24.774541,121.502662,
931,新竹縣,梅達拜-AP1,3-尖石鄉-梅達拜部落-梅達拜-AP1,24.6773,121.2086,
932,新竹縣,梅達拜-AP2,3-尖石鄉-梅達拜部落-梅達拜-AP2,24.67807,121.20927,
933,新竹縣,梅達拜-AP3,3-尖石鄉-梅達拜部落-梅達拜-AP3,24.67874,121.20865,
934,新竹縣,梅達拜-AP4,3-尖石鄉-梅達拜部落-梅達拜-AP4,24.67827,121.20796,
935,新竹縣,梅達拜-AP5,3-尖石鄉-梅達拜部落-梅達拜-AP5,24.6795,121.20885,
936,新竹縣,五峰-AP1,3-五峰鄉-五峰部落-五峰-AP1,24.63209,121.11939,
937,新竹縣,五峰-AP2,3-五峰鄉-五峰部落-五峰-AP2,24.63146,121.11976,
938,新竹縣,五峰-AP6,3-五峰鄉-五峰部落-五峰-AP6,24.63238,121.12005,
939,新竹縣,五峰-AP3,3-五峰鄉-五峰部落-五峰-AP3,24.63041,121.11932,
940,新竹縣,五峰-AP4,3-五峰鄉-五峰部落-五峰-AP4,24.62968,121.11881,
941,新竹縣,五峰-AP5,3-五峰鄉-五峰部落-五峰-AP5,24.62918,121.1197,
942,新竹縣,花園-AP1,5-五峰鄉-花園部落-花園-AP1,24.64781,121.15153,1
943,新竹縣,花園-AP2,5-五峰鄉-花園部落-花園-AP2,24.64711,121.15171,
944,新竹縣,花園-AP3,5-五峰鄉-花園部落-花園-AP3,24.64614,121.15147,
945,新竹縣,桃山-AP1,5-五峰鄉-桃山部落-桃山-AP1,24.59508,121.10834,
946,新竹縣,桃山-AP2,5-五峰鄉-桃山部落-桃山-AP2,24.59665,121.10838,1
947,新竹縣,桃山-AP3,5-五峰鄉-桃山部落-桃山-AP3,24.59923,121.10975,
948,新竹縣,梅阿尤達克-AP1,5-尖石鄉-梅阿尤達克部落-梅阿尤達克-AP1,24.67318,121.20428,1
949,新竹縣,梅阿尤達克-AP2,5-尖石鄉-梅阿尤達克部落-梅阿尤達克-AP2,24.67278,121.20285,
950,新竹縣,泰崗-AP1,5-尖石鄉-泰崗部落-泰崗-AP1,24.61127,121.29621,1
951,新竹縣,泰崗-AP4,5-尖石鄉-泰崗部落-泰崗-AP4,24.61141,121.29507,
952,新竹縣,泰崗-AP2,5-尖石鄉-泰崗部落-泰崗-AP2,24.61189,121.29687,
953,新竹縣,泰崗-AP3,5-尖石鄉-泰崗部落-泰崗-AP3,24.61258,121.29585,
954,新竹縣,馬里光-AP1,5-尖石鄉-馬里光部落-馬里光-AP1,24.65991,121.30081,1
955,新竹縣,馬里光-AP3,5-尖石鄉-馬里光部落-馬里光-AP3,24.65779,121.29794,
956,新竹縣,馬里光-AP2,5-尖石鄉-馬里光部落-馬里光-AP2,24.65353,121.31605,
957,新竹縣,馬里光-AP4,5-尖石鄉-馬里光部落-馬里光-AP4,24.65371,121.31523,
958,新竹縣,HC-CC-AP1,"4-五峰鄉清泉部落-HC-CC-AP1",24.574127,121.105971,
959,新竹縣,HC-CC-AP2,"4-五峰鄉清泉部落-HC-CC-AP2",24.573575,121.10525,
960,新竹縣,HC-CC-AP3,"4-五峰鄉清泉部落-HC-CC-AP3",24.574154,121.105265,
961,新竹縣,HC-CC-AP4,"4-五峰鄉清泉部落-HC-CC-AP4",24.575878,121.104099,
962,新竹縣,HC-CC-AP5,"4-五峰鄉清泉部落-HC-CC-AP5",24.577354,121.103635,
963,新竹縣,HC-CC-AP6,"4-五峰鄉清泉部落-HC-CC-AP6",24.577342,121.105961,
964,嘉義縣,新美-AP1,5-阿里山鄉-新美部落-新美-AP1,23.33751,120.68415,1
965,嘉義縣,新美-AP2,5-阿里山鄉-新美部落-新美-AP2,23.33772,120.68357,
966,嘉義縣,新美-AP3,5-阿里山鄉-新美部落-新美-AP3,23.33302,120.68174,
967,嘉義縣,新美-AP4,5-阿里山鄉-新美部落-新美-AP4,23.34685,120.6916,
968,嘉義縣,里佳-AP1,3-阿里山鄉-里佳部落-里佳-AP1,23.40502,120.72141,1
969,嘉義縣,里佳-AP2,3-阿里山鄉-里佳部落-里佳-AP2,23.40556,120.72213,
970,嘉義縣,里佳-AP5,3-阿里山鄉-里佳部落-里佳-AP5,23.40447,120.72181,
971,嘉義縣,里佳-AP3,3-阿里山鄉-里佳部落-里佳-AP3,23.40527,120.7203,
972,嘉義縣,里佳-AP4,3-阿里山鄉-里佳部落-里佳-AP4,23.40459,120.72043,
973,嘉義縣,樂野-AP1,3-阿里山鄉-樂野部落-樂野-AP1,23.46719,120.70302,1
974,嘉義縣,樂野-AP2,3-阿里山鄉-樂野部落-樂野-AP2,23.46774,120.70287,
975,嘉義縣,樂野-AP3,3-阿里山鄉-樂野部落-樂野-AP3,23.46779,120.7022,
976,嘉義縣,樂野-AP4,3-阿里山鄉-樂野部落-樂野-AP4,23.46637,120.70227,
977,嘉義縣,樂野-AP5,3-阿里山鄉-樂野部落-樂野-AP5,23.46656,120.70302,
978,嘉義縣,樂野-AP6,3-阿里山鄉-樂野部落-樂野-AP6,23.46712,120.70186,
979,嘉義縣,山美-AP1,3-阿里山鄉-山美部落-山美-AP1,23.38437,120.66808,
980,嘉義縣,山美-AP2,3-阿里山鄉-山美部落-山美-AP2,23.38359,120.66826,
981,嘉義縣,山美-AP3,3-阿里山鄉-山美部落-山美-AP3,23.383,120.66856,
982,嘉義縣,山美-AP4,3-阿里山鄉-山美部落-山美-AP4,23.3782,120.67193,
983,嘉義縣,山美-AP5,3-阿里山鄉-山美部落-山美-AP5,23.37727,120.6732,
984,嘉義縣,CY-CS-AP1,"4-阿里山鄉茶山部落-CY-CS-AP1",23.300485,120.666615,
985,嘉義縣,CY-CS-AP2,"4-阿里山鄉茶山部落-CY-CS-AP2",23.298932,120.664788,
986,嘉義縣,CY-CS-AP3,"4-阿里山鄉茶山部落-CY-CS-AP3",23.297124,120.666391,
987,嘉義縣,CY-CS-AP4,"4-阿里山鄉茶山部落-CY-CS-AP4",23.297542,120.665936,
988,嘉義縣,CY-CS-AP5,"4-阿里山鄉茶山部落-CY-CS-AP5",23.299058,120.664773,
989,嘉義縣,CY-LC-AP1,"4-阿里山鄉來吉部落-CY-LC-AP1",23.530251,120.739309,
990,嘉義縣,CY-LC-AP2,"4-阿里山鄉來吉部落-CY-LC-AP2",23.529977,120.74008,
991,嘉義縣,CY-LC-AP3,"4-阿里山鄉來吉部落-CY-LC-AP3",23.519763,120.746296,
992,嘉義縣,CY-LC-AP4,"4-阿里山鄉來吉部落-CY-LC-AP4",23.520159,120.745936,
993,嘉義縣,CY-LC-AP5,"4-阿里山鄉來吉部落-CY-LC-AP5",23.519355,120.746011,
994,嘉義縣,CY-LC-AP6,"4-阿里山鄉來吉部落-CY-LC-AP6",23.518976,120.746067,
995,嘉義縣,CY-TFY-AP1,"4-阿里山鄉特富野部落-CY-TFY-AP1",23.463098,120.757483,
996,嘉義縣,CY-TFY-AP2,"4-阿里山鄉特富野部落-CY-TFY-AP2",23.462983,120.757453,
997,嘉義縣,CY-TFY-AP3,"4-阿里山鄉特富野部落-CY-TFY-AP3",23.462747,120.758241,
998,嘉義縣,CY-TFY-AP4,"4-阿里山鄉特富野部落-CY-TFY-AP4",23.462497,120.758133,
999,嘉義縣,CY-TP-AP1,"4-阿里山鄉達邦部落-CY-TP-AP1",23.45427,120.749589,
1000,嘉義縣,CY-TP-AP2,"4-阿里山鄉達邦部落-CY-TP-AP2",23.45508,120.749853,
1001,嘉義縣,CY-TP-AP3,"4-阿里山鄉達邦部落-CY-TP-AP3",23.456328,120.748641,
1002,嘉義縣,CY-TP-AP4,"4-阿里山鄉達邦部落-CY-TP-AP4",23.454261,120.749032,
1003,嘉義縣,CY-TP-AP5,"4-阿里山鄉達邦部落-CY-TP-AP5",23.455314,120.751136,
1004,嘉義縣,CY-TP-AP6,"4-阿里山鄉達邦部落-CY-TP-AP6",23.454413,120.751447,
1005,嘉義縣,CY-TP-AP7,"4-阿里山鄉達邦部落-CY-TP-AP7",23.454442,120.749018,
1006,臺中市,裡冷-AP1,3-和平區-裡冷部落-裡冷-AP1,24.16602,120.95203,
1007,臺中市,裡冷-AP2,3-和平區-裡冷部落-裡冷-AP2,24.16507,120.9515,
1008,臺中市,裡冷-AP3,3-和平區-裡冷部落-裡冷-AP3,24.16457,120.95285,1
1009,臺中市,裡冷-AP5,3-和平區-裡冷部落-裡冷-AP5,24.16538,120.94794,
1010,臺中市,裡冷-AP4,3-和平區-裡冷部落-裡冷-AP4,24.16651,120.95466,
1011,臺中市,松鶴-AP1,3-和平區-松鶴部落-松鶴-AP1,24.17801,120.9801,
1012,臺中市,松鶴-AP2,3-和平區-松鶴部落-松鶴-AP2,24.17715,120.98071,
1013,臺中市,松鶴-AP3,3-和平區-松鶴部落-松鶴-AP3,24.17658,120.9795,
1014,臺中市,松鶴-AP6,3-和平區-松鶴部落-松鶴-AP6,24.17564,120.97792,
1015,臺中市,松鶴-AP5,3-和平區-松鶴部落-松鶴-AP5,24.17449,120.97814,
1016,臺中市,松鶴-AP4,3-和平區-松鶴部落-松鶴-AP4,24.17398,120.97694,
1017,臺中市,南勢-AP10,3-和平區-南勢部落-南勢-AP10,24.17023,120.90248,
1018,臺中市,南勢-AP11,3-和平區-南勢部落-南勢-AP11,24.16932,120.90199,
1019,臺中市,南勢-AP12,3-和平區-南勢部落-南勢-AP12,24.16988,120.90098,
1020,臺中市,南勢-AP13,3-和平區-南勢部落-南勢-AP13,24.16939,120.90088,
1021,臺中市,南勢-AP14,3-和平區-南勢部落-南勢-AP14,24.16872,120.90097,
1022,臺中市,南勢-AP9,3-和平區-南勢部落-南勢-AP9,24.17235,120.90212,
1023,臺中市,松茂-AP1,5-和平區-松茂部落-松茂-AP1,24.28103,121.26592,
1024,臺中市,松茂-AP2,5-和平區-松茂部落-松茂-AP2,24.28381,121.26676,1
1025,臺中市,松茂-AP3,5-和平區-松茂部落-松茂-AP3,24.2847,121.26607,
1026,臺中縣,TC-SC-AP1,"4-和平區雙崎部落-TC-SC-AP1",24.290407,120.908911,
1027,臺中縣,TC-SC-AP2,"4-和平區雙崎部落-TC-SC-AP2",24.290776,120.90838,
1028,臺中縣,TC-SC-AP3,"4-和平區雙崎部落-TC-SC-AP3",24.288218,120.905057,
1029,臺中縣,TC-SC-AP4,"4-和平區雙崎部落-TC-SC-AP4",24.292254,120.909333,
1030,臺中縣,TC-SC-AP5,"4-和平區雙崎部落-TC-SC-AP5",24.291333,120.909789,
1031,臺東縣,金崙-AP1,5-太麻里鄉-金崙部落-金崙-AP1,22.53267,120.96347,1
1032,臺東縣,金崙-AP2,5-太麻里鄉-金崙部落-金崙-AP2,22.53363,120.96403,
1033,臺東縣,金崙-AP3,5-太麻里鄉-金崙部落-金崙-AP3,22.5334,120.96532,
1034,臺東縣,金崙-AP4,5-太麻里鄉-金崙部落-金崙-AP4,22.53271,120.9648,
1035,臺東縣,金崙-AP5,5-太麻里鄉-金崙部落-金崙-AP5,22.53309,120.96651,
1036,臺東縣,金崙-AP6,5-太麻里鄉-金崙部落-金崙-AP6,22.53149,120.96483,
1037,臺東縣,沙薩拉克-AP1,5-太麻里鄉-沙薩拉克部落-沙薩拉克-AP1,22.57658,120.99095,
1038,臺東縣,沙薩拉克-AP2,5-太麻里鄉-沙薩拉克部落-沙薩拉克-AP2,22.57563,120.99046,
1039,臺東縣,巴喜告-AP1,5-延平鄉-巴喜告部落-巴喜告-AP1,22.90236,121.08482,1
1040,臺東縣,巴喜告-AP2,5-延平鄉-巴喜告部落-巴喜告-AP2,22.90311,121.08411,
1041,臺東縣,巴喜告-AP3,5-延平鄉-巴喜告部落-巴喜告-AP3,22.90303,121.08322,
1042,臺東縣,巴喜告-AP4,5-延平鄉-巴喜告部落-巴喜告-AP4,22.90275,121.08217,
1043,臺東縣,巴喜告-AP5,5-延平鄉-巴喜告部落-巴喜告-AP5,22.90352,121.08223,
1044,臺東縣,巴喜告-AP6,5-延平鄉-巴喜告部落-巴喜告-AP6,22.90412,121.08236,
1045,臺東縣,巴喜告-AP7,5-延平鄉-巴喜告部落-巴喜告-AP7,22.90485,121.08323,
1046,臺東縣,真柄-AP1,5-長濱鄉-真柄部落-真柄-AP1,23.34281,121.46434,
1047,臺東縣,真柄-AP2,5-長濱鄉-真柄部落-真柄-AP2,23.34218,121.46358,
1048,臺東縣,真柄-AP3,5-長濱鄉-真柄部落-真柄-AP3,23.34163,121.46285,1
1049,臺東縣,真柄-AP4,5-長濱鄉-真柄部落-真柄-AP4,23.34159,121.46173,
1050,臺東縣,真柄-AP5,5-長濱鄉-真柄部落-真柄-AP5,23.34171,121.46012,
1051,臺東縣,野銀-AP1,5-蘭嶼鄉-野銀部落-野銀-AP1,22.03898,121.56579,
1052,臺東縣,野銀-AP2,5-蘭嶼鄉-野銀部落-野銀-AP2,22.03838,121.56633,
1053,臺東縣,野銀-AP3,5-蘭嶼鄉-野銀部落-野銀-AP3,22.03916,121.5667,
1054,臺東縣,野銀-AP5,5-蘭嶼鄉-野銀部落-野銀-AP5,22.0376,121.5681,
1055,臺東縣,野銀-AP6,5-蘭嶼鄉-野銀部落-野銀-AP6,22.03687,121.56757,
1056,臺東縣,野銀-AP7,5-蘭嶼鄉-野銀部落-野銀-AP7,22.03716,121.56932,
1057,臺東縣,野銀-AP4,5-蘭嶼鄉-野銀部落-野銀-AP4,22.0381,121.56703,
1058,臺東縣,漁人-AP1,5-蘭嶼鄉-漁人部落-漁人-AP1,22.02722,121.54417,
1059,臺東縣,漁人-AP2,5-蘭嶼鄉-漁人部落-漁人-AP2,22.02722,121.54345,
1060,臺東縣,漁人-AP7,5-蘭嶼鄉-漁人部落-漁人-AP7,22.02708,121.54684,
1061,臺東縣,漁人-AP3,5-蘭嶼鄉-漁人部落-漁人-AP3,22.02715,121.54236,
1062,臺東縣,漁人-AP4,5-蘭嶼鄉-漁人部落-漁人-AP4,22.02645,121.54208,
1063,臺東縣,漁人-AP5,5-蘭嶼鄉-漁人部落-漁人-AP5,22.02534,121.53947,
1064,臺東縣,漁人-AP6,5-蘭嶼鄉-漁人部落-漁人-AP6,22.02605,121.54061,
1065,臺東縣,紅頭-AP1,5-蘭嶼鄉-紅頭部落-紅頭-AP1,22.02548,121.55326,
1066,臺東縣,紅頭-AP2,5-蘭嶼鄉-紅頭部落-紅頭-AP2,22.02495,121.55472,
1067,臺東縣,紅頭-AP3,5-蘭嶼鄉-紅頭部落-紅頭-AP3,22.02529,121.55442,
1068,臺東縣,紅頭-AP4,5-蘭嶼鄉-紅頭部落-紅頭-AP4,22.02422,121.55602,
1069,臺東縣,紅頭-AP8,5-蘭嶼鄉-紅頭部落-紅頭-AP8,22.0249,121.55634,
1070,臺東縣,紅頭-AP9,5-蘭嶼鄉-紅頭部落-紅頭-AP9,22.0195,121.56246,
1071,臺東縣,紅頭-AP5,5-蘭嶼鄉-紅頭部落-紅頭-AP5,22.02551,121.55187,
1072,臺東縣,紅頭-AP6,5-蘭嶼鄉-紅頭部落-紅頭-AP6,22.02628,121.55243,
1073,臺東縣,紅頭-AP7,5-蘭嶼鄉-紅頭部落-紅頭-AP7,22.02628,121.55046,
1074,臺東縣,開元港-AP1,5-蘭嶼鄉-開元港部落-開元港-AP1,22.0554,121.5101,
1075,臺東縣,開元港-AP2,5-蘭嶼鄉-開元港部落-開元港-AP2,22.05769,121.50887,
1076,臺東縣,開元港-AP3,5-蘭嶼鄉-開元港部落-開元港-AP3,22.05932,121.5092,
1077,臺東縣,拉勞蘭-AP3,2-太麻里鄉-拉勞蘭部落-拉勞蘭-AP3,22.57568,120.989,
1078,臺東縣,拉勞蘭-AP4,2-太麻里鄉-拉勞蘭部落-拉勞蘭-AP4,22.57589,120.98804,
1079,臺東縣,拉勞蘭-AP5,2-太麻里鄉-拉勞蘭部落-拉勞蘭-AP5,22.57471,120.98962,
1080,臺東縣,拉勞蘭-AP6,2-太麻里鄉-拉勞蘭部落-拉勞蘭-AP6,22.57534,120.99002,
1081,臺東縣,拉勞蘭-AP1,2-太麻里鄉-拉勞蘭部落-拉勞蘭-AP1,22.57609,120.98874,
1082,臺東縣,拉勞蘭-AP2,2-太麻里鄉-拉勞蘭部落-拉勞蘭-AP2,22.57729,120.98879,
1083,臺東縣,荒野-AP1,2-太麻里鄉-荒野部落-荒野-AP1,22.69225,121.04534,
1084,臺東縣,荒野-AP2,2-太麻里鄉-荒野部落-荒野-AP2,22.6932,121.04488,
1085,臺東縣,荒野-AP3,2-太麻里鄉-荒野部落-荒野-AP3,22.69313,121.04411,
1086,臺東縣,荒野-AP4,2-太麻里鄉-荒野部落-荒野-AP4,22.69245,121.04362,
1087,臺東縣,初鹿-AP1,2-卑南鄉-初鹿部落-初鹿-AP1,22.85626,121.09147,
1088,臺東縣,初鹿-AP2,2-卑南鄉-初鹿部落-初鹿-AP2,22.85684,121.09047,
1089,臺東縣,初鹿-AP4,2-卑南鄉-初鹿部落-初鹿-AP4,22.85817,121.09005,
1090,臺東縣,初鹿-AP5,2-卑南鄉-初鹿部落-初鹿-AP5,22.85854,121.08921,
1091,臺東縣,初鹿-AP3,2-卑南鄉-初鹿部落-初鹿-AP3,22.85779,121.09093,
1092,臺東縣,初鹿-AP6,2-卑南鄉-初鹿部落-初鹿-AP6,22.8591,121.0915,
1093,臺東縣,初鹿-AP7,2-卑南鄉-初鹿部落-初鹿-AP7,22.8604,121.0924,
1094,臺東縣,初鹿-AP8,2-卑南鄉-初鹿部落-初鹿-AP8,22.86214,121.09276,
1095,臺東縣,布谷拉夫-AP1,2-延平鄉-布谷拉夫部落-布谷拉夫-AP1,22.9699,121.1176,
1096,臺東縣,布谷拉夫-AP2,2-延平鄉-布谷拉夫部落-布谷拉夫-AP2,22.96858,121.11646,
1097,臺東縣,布谷拉夫-AP3,2-延平鄉-布谷拉夫部落-布谷拉夫-AP3,22.96815,121.11523,
1098,臺東縣,布谷拉夫-AP4,2-延平鄉-布谷拉夫部落-布谷拉夫-AP4,22.96715,121.115,
1099,臺東縣,布谷拉夫-AP5,2-延平鄉-布谷拉夫部落-布谷拉夫-AP5,22.96771,121.11444,
1100,臺東縣,布谷拉夫-AP6,2-延平鄉-布谷拉夫部落-布谷拉夫-AP6,22.96656,121.11411,
1101,臺東縣,布谷拉夫-AP7,2-延平鄉-布谷拉夫部落-布谷拉夫-AP7,22.96692,121.11354,
1102,臺東縣,阿度蘭-AP3,2-東河鄉-阿度蘭部落-阿度蘭-AP3,22.87445,121.22731,
1103,臺東縣,阿度蘭-AP7,2-東河鄉-阿度蘭部落-阿度蘭-AP7,22.87348,121.2273,
1104,臺東縣,阿度蘭-AP1,2-東河鄉-阿度蘭部落-阿度蘭-AP1,22.8762,121.2279,
1105,臺東縣,阿度蘭-AP2,2-東河鄉-阿度蘭部落-阿度蘭-AP2,22.87544,121.22692,
1106,臺東縣,阿度蘭-AP8,2-東河鄉-阿度蘭部落-阿度蘭-AP8,22.87479,121.22667,
1107,臺東縣,阿度蘭-AP4,2-東河鄉-阿度蘭部落-阿度蘭-AP4,22.87362,121.22561,
1108,臺東縣,阿度蘭-AP6,2-東河鄉-阿度蘭部落-阿度蘭-AP6,22.87471,121.22576,
1109,臺東縣,阿度蘭-AP5,2-東河鄉-阿度蘭部落-阿度蘭-AP5,22.87245,121.22671,
1110,臺東縣,阿度蘭-AP9,2-東河鄉-阿度蘭部落-阿度蘭-AP9,22.87289,121.2256,
1111,臺東縣,阿度蘭-AP10,2-東河鄉-阿度蘭部落-阿度蘭-AP10,22.87371,121.22654,
1112,臺東縣,阿拉巴灣-AP1,2-東河鄉-阿拉巴灣部落-阿拉巴灣-AP1,22.9982,121.28596,
1113,臺東縣,阿拉巴灣-AP6,2-東河鄉-阿拉巴灣部落-阿拉巴灣-AP6,22.9986,121.2862,
1114,臺東縣,阿拉巴灣-AP2,2-東河鄉-阿拉巴灣部落-阿拉巴灣-AP2,22.9975,121.2867,
1115,臺東縣,阿拉巴灣-AP5,2-東河鄉-阿拉巴灣部落-阿拉巴灣-AP5,22.99897,121.28718,
1116,臺東縣,阿拉巴灣-AP7,2-東河鄉-阿拉巴灣部落-阿拉巴灣-AP7,22.99787,121.28708,
1117,臺東縣,阿拉巴灣-AP3,2-東河鄉-阿拉巴灣部落-阿拉巴灣-AP3,22.997,121.28769,
1118,臺東縣,阿拉巴灣-AP4,2-東河鄉-阿拉巴灣部落-阿拉巴灣-AP4,22.99741,121.28802,
1119,臺東縣,阿拉巴灣-AP8,2-東河鄉-阿拉巴灣部落-阿拉巴灣-AP8,22.99736,121.28893,
1120,臺東縣,崁頂-AP1,2-海端鄉-崁頂部落-崁頂-AP1,23.04558,121.14781,
1121,臺東縣,崁頂-AP2,2-海端鄉-崁頂部落-崁頂-AP2,23.04551,121.14617,
1122,臺東縣,崁頂-AP3,2-海端鄉-崁頂部落-崁頂-AP3,23.04538,121.14487,
1123,臺東縣,崁頂-AP4,2-海端鄉-崁頂部落-崁頂-AP4,23.04497,121.14271,
1124,臺東縣,崁頂-AP5,2-海端鄉-崁頂部落-崁頂-AP5,23.04413,121.14321,
1125,臺東縣,崁頂-AP6,2-海端鄉-崁頂部落-崁頂-AP6,23.04346,121.14223,
1126,臺東縣,利稻-AP2,2-海端鄉-利稻部落-利稻-AP2,23.1865,121.02365,
1127,臺東縣,利稻-AP3,2-海端鄉-利稻部落-利稻-AP3,23.18684,121.02251,
1128,臺東縣,利稻-AP4,2-海端鄉-利稻部落-利稻-AP4,23.18712,121.02171,
1129,臺東縣,利稻-AP5,2-海端鄉-利稻部落-利稻-AP5,23.18754,121.02056,
1130,臺東縣,利稻-AP1,2-海端鄉-利稻部落-利稻-AP1,23.18631,121.02529,
1131,臺東縣,新武-AP1,2-海端鄉-新武部落-新武-AP1,23.13301,121.12489,
1132,臺東縣,新武-AP2,2-海端鄉-新武部落-新武-AP2,23.13304,121.12438,
1133,臺東縣,新武-AP3,2-海端鄉-新武部落-新武-AP3,23.13246,121.12396,
1134,臺東縣,霧鹿-AP1,2-海端鄉-霧鹿部落-霧鹿-AP1,23.1685,121.0421,
1135,臺東縣,霧鹿-AP2,2-海端鄉-霧鹿部落-霧鹿-AP2,23.16743,121.04292,
1136,臺東縣,霧鹿-AP3,2-海端鄉-霧鹿部落-霧鹿-AP3,23.16634,121.04385,
1137,臺東縣,加和-AP1,2-海端鄉-加和部落-加和-AP1,23.00092,121.1305,
1138,臺東縣,加和-AP2,2-海端鄉-加和部落-加和-AP2,22.99957,121.13024,
1139,臺東縣,加和-AP3,2-海端鄉-加和部落-加和-AP3,22.99939,121.12852,
1140,臺東縣,加和-AP4,2-海端鄉-加和部落-加和-AP4,22.99964,121.12726,
1141,臺東縣,加和-AP5,2-海端鄉-加和部落-加和-AP5,23.00244,121.12385,
1142,臺東縣,加和-AP6,2-海端鄉-加和部落-加和-AP6,23.0027,121.12314,
1143,臺東縣,土?-AP1,2-達仁鄉-土?部落-土?-AP1,22.45473,120.88742,
1144,臺東縣,土?-AP2,2-達仁鄉-土?部落-土?-AP2,22.45414,120.88643,
1145,臺東縣,土?-AP3,2-達仁鄉-土?部落-土?-AP3,22.45323,120.88582,
1146,臺東縣,土?-AP4,2-達仁鄉-土?部落-土?-AP4,22.4541,120.88532,
1147,臺東縣,土?-AP5,2-達仁鄉-土?部落-土?-AP5,22.45506,120.88627,1
1148,臺東縣,土?-AP6,2-達仁鄉-土?部落-土?-AP6,22.45474,120.88555,
1149,臺東縣,安朔-AP1,2-達仁鄉-安朔部落-安朔-AP1,22.29437,120.86774,
1150,臺東縣,安朔-AP2,2-達仁鄉-安朔部落-安朔-AP2,22.294,120.86616,
1151,臺東縣,安朔-AP3,2-達仁鄉-安朔部落-安朔-AP3,22.29343,120.867,
1152,臺東縣,安朔-AP4,2-達仁鄉-安朔部落-安朔-AP4,22.29311,120.86648,
1153,臺東縣,安朔-AP5,2-達仁鄉-安朔部落-安朔-AP5,22.29434,120.88363,
1154,臺東縣,安朔-AP6,2-達仁鄉-安朔部落-安朔-AP6,22.29464,120.88467,
1155,臺東縣,安朔-AP7,2-達仁鄉-安朔部落-安朔-AP7,22.29335,120.88437,
1156,臺東縣,椰油-AP1,2-蘭嶼鄉-椰油部落-椰油-AP1,22.05044,121.51341,1
1157,臺東縣,椰油-AP3,2-蘭嶼鄉-椰油部落-椰油-AP3,22.05005,121.5125,
1158,臺東縣,椰油-AP2,2-蘭嶼鄉-椰油部落-椰油-AP2,22.05164,121.51306,
1159,臺東縣,椰油-AP7,2-蘭嶼鄉-椰油部落-椰油-AP7,22.05098,121.51311,
1160,臺東縣,椰油-AP8,2-蘭嶼鄉-椰油部落-椰油-AP8,22.04664,121.51675,
1161,臺東縣,椰油-AP4,2-蘭嶼鄉-椰油部落-椰油-AP4,22.05087,121.51198,
1162,臺東縣,椰油-AP5,2-蘭嶼鄉-椰油部落-椰油-AP5,22.05129,121.51214,
1163,臺東縣,椰油-AP6,2-蘭嶼鄉-椰油部落-椰油-AP6,22.0522,121.51105,
1164,臺東縣,查拉密-AP1,2-太麻里鄉-查拉密部落-查拉密-AP1,22.50856,120.95693,
1165,臺東縣,查拉密-AP8,2-太麻里鄉-查拉密部落-查拉密-AP8,22.50735,120.9588,
1166,臺東縣,查拉密-AP2,2-太麻里鄉-查拉密部落-查拉密-AP2,22.50725,120.9561,
1167,臺東縣,查拉密-AP3,2-太麻里鄉-查拉密部落-查拉密-AP3,22.50675,120.95569,
1168,臺東縣,查拉密-AP6,2-太麻里鄉-查拉密部落-查拉密-AP6,22.50653,120.95705,
1169,臺東縣,查拉密-AP4,2-太麻里鄉-查拉密部落-查拉密-AP4,22.50719,120.95702,
1170,臺東縣,查拉密-AP5,2-太麻里鄉-查拉密部落-查拉密-AP5,22.5062,120.95622,
1171,臺東縣,查拉密-AP6,2-太麻里鄉-查拉密部落-查拉密-AP6,22.50653,120.95705,
1172,臺東縣,查拉密-AP7,2-太麻里鄉-查拉密部落-查拉密-AP7,22.50788,120.95872,
1173,臺東縣,查拉密-AP9,2-太麻里鄉-查拉密部落-查拉密-AP9,22.50791,120.95638,
1174,臺東縣,卡多-AP1,2-金峰鄉-卡多部落-卡多-AP1,22.63355,121.00157,
1175,臺東縣,卡多-AP4,2-金峰鄉-卡多部落-卡多-AP4,22.63444,121.00129,
1176,臺東縣,卡多-AP2,2-金峰鄉-卡多部落-卡多-AP2,22.63355,121.00088,
1177,臺東縣,卡多-AP3,2-金峰鄉-卡多部落-卡多-AP3,22.63433,121.00085,
1178,臺東縣,卡多-AP5,2-金峰鄉-卡多部落-卡多-AP5,22.6345,120.99999,
1179,臺東縣,卡多-AP6,2-金峰鄉-卡多部落-卡多-AP6,22.63537,120.99991,
1180,臺東縣,卡多-AP7,2-金峰鄉-卡多部落-卡多-AP7,22.63574,120.99908,
1181,臺東縣,芝田-AP3,2-成功鎮-芝田部落-芝田-AP3,23.11026,121.38503,
1182,臺東縣,芝田-AP1,2-成功鎮-芝田部落-芝田-AP1,23.10919,121.38662,
1183,臺東縣,芝田-AP2,2-成功鎮-芝田部落-芝田-AP2,23.1096,121.38602,
1184,臺東縣,芝田-AP4,2-成功鎮-芝田部落-芝田-AP4,23.11083,121.38447,
1185,臺東縣,芝田-AP5,2-成功鎮-芝田部落-芝田-AP5,23.11106,121.38531,
1186,臺東縣,芝田-AP6,2-成功鎮-芝田部落-芝田-AP6,23.11085,121.38568,
1187,臺東縣,長光(石坑)-AP1,3-長濱鄉-長光(石坑)部落-長光(石坑)-AP1,23.32928,121.46227,
1188,臺東縣,長光(石坑)-AP7,3-長濱鄉-長光(石坑)部落-長光(石坑)-AP7,23.32857,121.46385,
1189,臺東縣,長光(石坑)-AP3,3-長濱鄉-長光(石坑)部落-長光(石坑)-AP3,23.32868,121.4609,1
1190,臺東縣,長光(石坑)-AP2,3-長濱鄉-長光(石坑)部落-長光(石坑)-AP2,23.32683,121.46099,
1191,臺東縣,長光(石坑)-AP4,3-長濱鄉-長光(石坑)部落-長光(石坑)-AP4,23.33066,121.46066,
1192,臺東縣,長光(石坑)-AP5,3-長濱鄉-長光(石坑)部落-長光(石坑)-AP5,23.32947,121.45873,
1193,臺東縣,長光(石坑)-AP6,3-長濱鄉-長光(石坑)部落-長光(石坑)-AP6,23.33087,121.45853,
1194,臺東縣,拿卡努-AP2,3-延平鄉-拿卡努部落-拿卡努-AP2,22.89861,121.1513,
1195,臺東縣,拿卡努-AP3,3-延平鄉-拿卡努部落-拿卡努-AP3,22.89914,121.15212,
1196,臺東縣,拿卡努-AP1,3-延平鄉-拿卡努部落-拿卡努-AP1,22.89889,121.14998,
1197,臺東縣,拿卡努-AP4,3-延平鄉-拿卡努部落-拿卡努-AP4,22.8999,121.15225,
1198,臺東縣,拿卡努-AP5,3-延平鄉-拿卡努部落-拿卡努-AP5,22.90046,121.15172,
1199,臺東縣,拿卡努-AP6,3-延平鄉-拿卡努部落-拿卡努-AP6,22.90103,121.15211,
1200,臺東縣,麻荖漏-AP5,3-成功鎮-麻荖漏部落-麻荖漏-AP5,23.10415,121.37499,
1201,臺東縣,麻荖漏-AP4,3-成功鎮-麻荖漏部落-麻荖漏-AP4,23.10472,121.37342,
1202,臺東縣,麻荖漏-AP6,3-成功鎮-麻荖漏部落-麻荖漏-AP6,23.10386,121.3763,
1203,臺東縣,麻荖漏-AP7,3-成功鎮-麻荖漏部落-麻荖漏-AP7,23.10498,121.37637,
1204,臺東縣,麻荖漏-AP1,3-成功鎮-麻荖漏部落-麻荖漏-AP1,23.10243,121.37226,
1205,臺東縣,麻荖漏-AP2,3-成功鎮-麻荖漏部落-麻荖漏-AP2,23.10321,121.37348,
1206,臺東縣,麻荖漏-AP3,3-成功鎮-麻荖漏部落-麻荖漏-AP3,23.10324,121.37497,
1207,臺東縣,5D-001,臺東1-臺東市-石山部落-5D-001,22.782871,121.161741,
1208,臺東縣,5D-002,臺東1-臺東市-石山部落-5D-002,22.78313,121.1608,
1209,臺東縣,5D-003,臺東1-臺東市-石山部落-5D-003,22.78403,121.16037,
1210,臺東縣,5D-004,臺東1-臺東市-石山部落-5D-004,22.783732,121.160969,
1211,臺東縣,5D-005,臺東1-臺東市-巴布麓部落-5D-005,22.764232,121.154592,
1212,臺東縣,5D-006,臺東1-臺東市-巴布麓部落-5D-006,22.76339,121.15455,
1213,臺東縣,5D-007,臺東1-臺東市-巴布麓部落-5D-007,22.76292,121.15407,
1214,臺東縣,5D-008,臺東1-臺東市-巴布麓部落-5D-008,22.604408,120.9969,
1215,臺東縣,5D-009,臺東1-臺東市-巴布麓部落-5D-009,22.76441,121.15375,
1216,臺東縣,5D-010,臺東1-臺東市-馬蘭部落-5D-010,22.762277,121.138635,
1217,臺東縣,5D-011,臺東1-臺東市-馬蘭部落-5D-011,22.76648,121.138428,
1218,臺東縣,5D-012,臺東1-臺東市-馬蘭部落-5D-012,22.769469,121.138594,
1219,臺東縣,5D-013,臺東1-臺東市-馬蘭部落-5D-013,22.76967,121.139342,
1220,臺東縣,5D-014,臺東1-大武鄉-古庄部落-5D-014,22.345265,120.880808,
1221,臺東縣,5D-015,臺東1-大武鄉-古庄部落-5D-015,22.345669,120.880121,
1222,臺東縣,5D-016,臺東1-大武鄉-古庄部落-5D-016,22.3452,120.87981,
1223,臺東縣,5D-017,臺東1-大武鄉-大鳥部落-5D-017,22.383758,120.910759,
1224,臺東縣,5D-018,臺東1-大武鄉-大鳥部落-5D-018,22.38483,120.9107,
1225,臺東縣,5D-019,臺東1-大武鄉-大鳥部落-5D-019,22.38619,120.91066,
1226,臺東縣,5D-020,臺東1-大武鄉-大鳥部落-5D-020,22.38574,120.90938,
1227,臺東縣,5D-021,臺東1-大武鄉-大鳥部落-5D-021,22.384891,120.909584,
1228,臺東縣,5D-022,臺東1-金峰鄉-賓茂部落-5D-022,22.532545,120.961206,
1229,臺東縣,5D-023,臺東1-金峰鄉-賓茂部落-5D-023,22.53186,120.96143,
1230,臺東縣,5D-024,臺東1-金峰鄉-賓茂部落-5D-024,22.53221,120.96002,
1231,臺東縣,5D-025,臺東1-金峰鄉-賓茂部落-5D-025,22.53227,120.95997,
1232,臺東縣,5D-026,臺東1-金峰鄉-包霧目力部落-5D-026,22.60559,120.9979,
1233,臺東縣,5D-027,臺東1-金峰鄉-包霧目力部落-5D-027,22.605077,120.998299,
1234,臺東縣,5D-028,臺東1-金峰鄉-包霧目力部落-5D-028,22.604408,120.9969,
1235,臺東縣,5D-029,臺東1-金峰鄉-包霧目力部落-5D-029,22.605612,120.996293,
1236,臺東縣,5D-030,臺東1-達仁鄉-台?部落-5D-030,22.477446,120.907208,
1237,臺東縣,5D-031,臺東1-達仁鄉-台?部落-5D-031,22.4776,120.90683,
1238,臺東縣,5D-032,臺東1-達仁鄉-台?部落-5D-032,22.47762,120.90836,
1239,臺東縣,5D-033,臺東1-達仁鄉-台?部落-5D-033,22.47855,120.9087,
1240,臺東縣,5D-034,臺東1-達仁鄉-森永部落-5D-034,22.279978,120.864608,
1241,臺東縣,5D-035,臺東1-達仁鄉-森永部落-5D-035,22.28137,120.86484,
1242,臺東縣,5D-036,臺東1-達仁鄉-森永部落-5D-036,22.282463,120.86518,
1243,臺東縣,5D-037,臺東1-達仁鄉-森永部落-5D-037,22.283552,120.866632,
1244,臺東縣,5D-038,臺東1-達仁鄉-拉里巴部落-5D-038,22.481446,120.913539,
1245,臺東縣,5D-039,臺東1-達仁鄉-拉里巴部落-5D-039,22.48062,120.91347,
1246,臺東縣,5D-040,臺東1-達仁鄉-拉里巴部落-5D-040,22.479602,120.913277,
1247,臺東縣,5D-041,臺東1-達仁鄉-拉里巴部落-5D-041,22.47891,120.91314,
1248,臺東縣,5D-042,臺東1-卑南鄉-大巴六九部落-5D-042,22.79349,121.06649,
1249,臺東縣,5D-043,臺東1-卑南鄉-大巴六九部落-5D-043,22.79349,121.06659,
1250,臺東縣,5D-044,臺東1-卑南鄉-大巴六九部落-5D-044,22.79805,121.06909,
1251,臺東縣,5D-045,臺東1-卑南鄉-大巴六九部落-5D-045,22.80002,121.06779,
1252,臺東縣,5D-046,臺東1-卑南鄉-莿桐部落-5D-046,22.828858,121.186011,
1253,臺東縣,5D-047,臺東1-卑南鄉-莿桐部落-5D-047,22.82007,121.18894,
1254,臺東縣,5D-048,臺東1-卑南鄉-莿桐部落-5D-048,22.82259,121.1891,
1255,臺東縣,5D-049,臺東1-鹿野鄉-瑞興部落-5D-049,22.97376,121.17298,
1256,臺東縣,5D-050,臺東1-鹿野鄉-瑞興部落-5D-050,22.977011,121.155972,
1257,臺東縣,5D-051,臺東1-鹿野鄉-鹿野和平部落-5D-051,22.892889,121.136725,
1258,臺東縣,5D-052,臺東1-鹿野鄉-鹿野和平部落-5D-052,22.892448,121.138135,
1259,臺東縣,5D-053,臺東1-鹿野鄉-鹿野和平部落-5D-053,22.891866,121.139794,
1260,臺東縣,5D-054,臺東1-鹿野鄉-鹿野和平部落-5D-054,22.891739,121.140193,
1261,臺東縣,5D-055,臺東1-鹿野鄉-卡拿吾部部落-5D-055,22.957357,121.152286,
1262,臺東縣,5D-056,臺東1-鹿野鄉-卡拿吾部部落-5D-056,22.951966,121.157457,
1263,臺東縣,5D-057,臺東1-鹿野鄉-卡拿吾部部落-5D-057,22.951299,121.158022,
1264,臺東縣,5D-058,臺東1-關山鎮-新福部落-5D-058,23.046011,121.172015,
1265,臺東縣,5D-059,臺東1-關山鎮-新福部落-5D-059,23.04993,121.17287,
1266,臺東縣,5D-060,臺東1-關山鎮-新福部落-5D-060,23.05382,121.17617,
1267,臺東縣,5D-061,臺東1-關山鎮-電光部落-5D-061,23.00749,121.173479,
1268,臺東縣,5D-062,臺東1-關山鎮-電光部落-5D-062,23.008411,121.174005,
1269,臺東縣,5D-063,臺東1-關山鎮-電光部落-5D-063,23.009741,121.174042,
1270,臺東縣,5D-064,臺東1-關山鎮-電光部落-5D-064,23.009179,121.173585,
1271,臺東縣,5D-065,臺東1-關山鎮-電光部落-5D-065,23.005497,121.1739,
1272,臺東縣,5D-066,臺東1-池上鄉-陸安部落-5D-066,23.13164,121.186759,
1273,臺東縣,5D-067,臺東1-池上鄉-陸安部落-5D-067,23.13201,121.18915,
1274,臺東縣,5D-068,臺東1-池上鄉-陸安部落-5D-068,23.13228,121.18799,
1275,臺東縣,5D-069,臺東1-成功鎮-宜灣部落-5D-069,23.210111,121.399369,
1276,臺東縣,5D-070,臺東1-成功鎮-宜灣部落-5D-070,23.21011,121.39937,
1277,臺東縣,5D-071,臺東1-成功鎮-宜灣部落-5D-071,23.208351,121.397583,
1278,臺東縣,5D-072,臺東1-成功鎮-宜灣部落-5D-072,23.20883,121.39883,
1279,臺東縣,5D-073,臺東1-成功鎮-八嗡嗡部落-5D-073,23.050583,121.338805,
1280,臺東縣,5D-074,臺東1-成功鎮-八嗡嗡部落-5D-074,23.051193,121.338351,
1281,臺東縣,5D-075,臺東1-成功鎮-八嗡嗡部落-5D-075,23.049336,121.336957,
1282,臺東縣,5D-076,臺東1-成功鎮-八嗡嗡部落-5D-076,23.05051,121.33787,
1283,臺東縣,5D-077,臺東1-成功鎮-麒麟部落-5D-077,23.0927,121.35659,
1284,臺東縣,5D-078,臺東1-成功鎮-麒麟部落-5D-078,23.093018,121.356806,
1285,臺東縣,5D-079,臺東1-成功鎮-麒麟部落-5D-079,23.090157,121.356251,
1286,臺東縣,5D-080,臺東1-成功鎮-麒麟部落-5D-080,23.095965,121.358385,
1287,臺東縣,5D-081,臺東1-成功鎮-麒麟部落-5D-081,23.08788,121.35565,
1288,臺東縣,5D-082,臺東1-成功鎮-成功和平部落-5D-082,23.075379,121.349673,
1289,臺東縣,5D-083,臺東1-成功鎮-成功和平部落-5D-083,23.074496,121.349105,
1290,臺東縣,5D-084,臺東1-成功鎮-成功和平部落-5D-084,23.076218,121.350232,
1291,臺東縣,5D-085,臺東1-成功鎮-成功和平部落-5D-085,23.083742,121.353648,
1292,臺東縣,5D-086,臺東1-成功鎮-成功和平部落-5D-086,23.057587,121.342571,
1293,臺東縣,5D-087,臺東1-成功鎮-成功和平部落-5D-087,23.0818,121.353682,
1294,臺東縣,5D-088,臺東1-長濱鄉-烏石鼻部落-5D-088,23.234539,121.413189,
1295,臺東縣,5D-089,臺東1-長濱鄉-烏石鼻部落-5D-089,23.23454,121.41319,
1296,臺東縣,5D-090,臺東1-長濱鄉-烏石鼻部落-5D-090,23.23644,121.4143,
1297,臺東縣,5D-091,臺東1-長濱鄉-烏石鼻部落-5D-091,23.232922,121.412979,
1298,臺東縣,5D-092,臺東1-長濱鄉-僅那鹿角部落-5D-092,23.247148,121.413105,
1299,臺東縣,5D-093,臺東1-長濱鄉-僅那鹿角部落-5D-093,23.24692,121.41209,
1300,臺東縣,5D-094,臺東1-長濱鄉-僅那鹿角部落-5D-094,23.247715,121.411641,
1301,臺東縣,5D-095,臺東1-長濱鄉-樟原部落-5D-095,23.41576,121.4845,
1302,臺東縣,5D-096,臺東1-長濱鄉-樟原部落-5D-096,23.416171,121.483707,
1303,臺東縣,5D-097,臺東1-長濱鄉-樟原部落-5D-097,23.414964,121.482797,
1304,臺東縣,5D-098,臺東1-長濱鄉-樟原部落-5D-098,23.414392,121.483006,
1305,臺東縣,5D-099,臺東1-長濱鄉-樟原部落-5D-099,23.41748,121.48418,
1306,臺東縣,5D-100,臺東1-東河鄉-佳尼發納部落-5D-100,22.928026,121.269126,
1307,臺東縣,5D-101,臺東1-東河鄉-佳尼發納部落-5D-101,22.92681,121.26852,
1308,臺東縣,5D-102,臺東1-東河鄉-佳尼發納部落-5D-102,22.92637,121.26716,
1309,臺東縣,5D-103,臺東1-東河鄉-佳尼發納部落-5D-103,22.9235,121.26646,
1310,臺東縣,5D-104,臺東1-東河鄉-佳尼發納部落-5D-104,22.92556,121.26848,
1311,臺東縣,5D-105,臺東1-鹿野鄉-瑞興部落-5D-105,22.976553,121.156476,
1312,臺東縣,5D-106,臺東1-鹿野鄉-瑞興部落-5D-106,22.97518,121.156397,
1313,臺東縣,5D-201,臺東1-臺東市-石山部落-5D-201,22.78285,121.16189,
1314,臺東縣,5D-202,臺東1-臺東市-巴布麓部落-5D-202,22.764232,121.154589,
1315,臺東縣,5D-203,臺東1-臺東市-馬蘭部落-5D-203,22.762041,121.138715,
1316,臺東縣,5D-204,臺東1-大武鄉-古庄部落-5D-204,22.349032,120.879777,
1317,臺東縣,5D-205,臺東1-大武鄉-大鳥部落-5D-205,22.383955,120.910671,
1318,臺東縣,5D-206,臺東1-金峰鄉-賓茂部落-5D-206,22.53239,120.96135,
1319,臺東縣,5D-207,臺東1-金峰鄉-包霧目力部落-5D-207,22.605488,120.997594,
1320,臺東縣,5D-208,臺東1-達仁鄉-台?部落-5D-208,22.47799,120.90779,
1321,臺東縣,5D-209,臺東1-達仁鄉-森永部落-5D-209,22.279873,120.864849,
1322,臺東縣,5D-210,臺東1-達仁鄉-拉里巴部落-5D-210,22.481526,120.913579,
1323,臺東縣,5D-211,臺東1-卑南鄉-大巴六九部落-5D-211,22.78219,121.10365,
1324,臺東縣,5D-212,臺東1-卑南鄉-莿桐部落-5D-212,22.828433,121.186169,
1325,臺東縣,5D-213,臺東1-鹿野鄉-瑞興部落-5D-213,22.97384,121.17246,
1326,臺東縣,5D-214,臺東1-鹿野鄉-鹿野和平部落-5D-214,22.893268,121.137534,
1327,臺東縣,5D-215,臺東1-鹿野鄉-卡拿吾部部落-5D-215,22.95715,121.1523,
1328,臺東縣,5D-216,臺東1-關山鎮-新福部落-5D-216,23.046114,121.172133,
1329,臺東縣,5D-217,臺東1-關山鎮-電光部落-5D-217,23.007476,121.173439,
1330,臺東縣,5D-218,臺東1-池上鄉-陸安部落-5D-218,23.131596,121.186687,
1331,臺東縣,5D-219,臺東1-成功鎮-宜灣部落-5D-219,23.211039,121.400244,
1332,臺東縣,5D-220,臺東1-成功鎮-八嗡嗡部落-5D-220,23.050405,121.338956,
1333,臺東縣,5D-221,臺東1-成功鎮-麒麟部落-5D-221,23.092359,121.356971,
1334,臺東縣,5D-222,臺東1-成功鎮-成功和平部落-5D-222,23.074973,121.349594,
1335,臺東縣,5D-223,臺東1-長濱鄉-烏石鼻部落-5D-223,23.23525,121.413569,
1336,臺東縣,5D-224,臺東1-長濱鄉-僅那鹿角部落-5D-224,23.247148,121.413095,
1337,臺東縣,5D-225,臺東1-長濱鄉-樟原部落-5D-225,23.41571,121.48475,
1338,臺東縣,5D-226,臺東1-東河鄉-佳尼發納部落-5D-226,22.928159,121.269345,
1339,臺東縣,TT-CA-AP1,"4-成功鎮重安部落-TT-CA-AP1",23.193289,121.395598,
1340,臺東縣,TT-CA-AP2,"4-成功鎮重安部落-TT-CA-AP2",23.192977,121.395552,
1341,臺東縣,TT-CA-AP3,"4-成功鎮重安部落-TT-CA-AP3",23.193495,121.39367,
1342,臺東縣,TT-CA-AP4,"4-成功鎮重安部落-TT-CA-AP4",23.191742,121.395915,
1343,臺東縣,TT-CP-AP1,"4-海端鄉錦屏部落-TT-CP-AP1",23.131242,121.176979,
1344,臺東縣,TT-CP-AP2,"4-海端鄉錦屏部落-TT-CP-AP2",23.131737,121.17689,
1345,臺東縣,TT-CP-AP3,"4-海端鄉錦屏部落-TT-CP-AP3",23.129837,121.174031,
1346,臺東縣,TT-CP-AP4,"4-海端鄉錦屏部落-TT-CP-AP4",23.130022,121.174853,
1347,臺東縣,TT-CP-AP5,"4-海端鄉錦屏部落-TT-CP-AP5",23.129873,121.174751,
1348,臺東縣,TT-DC-AP1,"4-大武鄉大竹工作地部落-TT-DC-AP1",22.454466,120.922447,
1349,臺東縣,TT-DC-AP2,"4-大武鄉大竹工作地部落-TT-DC-AP2",22.457038,120.921921,
1350,臺東縣,TT-DC-AP3,"4-大武鄉大竹工作地部落-TT-DC-AP3",22.457622,120.922088,
1351,臺東縣,TT-DC-AP4,"4-大武鄉大竹工作地部落-TT-DC-AP4",22.457792,120.92487,
1352,臺東縣,TT-DC-AP5,"4-大武鄉大竹工作地部落-TT-DC-AP5",22.457907,120.92488,
1353,臺東縣,TT-DL-AP1,"1-成功鎮都歷部落-TT-DL-AP1",23.026972,121.330996,
1354,臺東縣,TT-DL-AP2,"1-成功鎮都歷部落-TT-DL-AP2",23.027365,121.331192,
1355,臺東縣,TT-DL-AP3,"1-成功鎮都歷部落-TT-DL-AP3",23.028306,121.330859,
1356,臺東縣,TT-DL-AP4,"1-成功鎮都歷部落-TT-DL-AP4",23.028407,121.33109,
1357,臺東縣,TT-DL-AP5,"1-成功鎮都歷部落-TT-DL-AP5",23.030846,121.334157,
1358,臺東縣,TT-DL-AP6,"1-成功鎮都歷部落-TT-DL-AP6",23.026464,121.33126,
1359,臺東縣,TT-DL-AP7,"1-成功鎮都歷部落-TT-DL-AP7",23.027805,121.329632,
1360,臺東縣,TT-DW-AP1,"4-大武鄉大武部落-TT-DW-AP1",22.356653,120.904185,
1361,臺東縣,TT-DW-AP2,"4-大武鄉大武部落-TT-DW-AP2",22.357009,120.90459,
1362,臺東縣,TT-DW-AP3,"4-大武鄉大武部落-TT-DW-AP3",22.3577,120.905395,
1363,臺東縣,TT-DW-AP4,"4-大武鄉大武部落-TT-DW-AP4",22.358189,120.906105,
1364,臺東縣,TT-DW-AP5,"4-大武鄉大武部落-TT-DW-AP5",22.360458,120.905337,
1365,臺東縣,TT-DW-AP6,"4-大武鄉大武部落-TT-DW-AP6",22.363779,120.90527,
1366,臺東縣,TT-DW-AP7,"4-大武鄉大武部落-TT-DW-AP7",22.363827,120.9061,
1367,臺東縣,TT-FFK-AP1,"4-東河鄉發富谷部落-TT-FFK-AP1",22.966467,121.300555,
1368,臺東縣,TT-FFK-AP2,"4-東河鄉發富谷部落-TT-FFK-AP2",22.96746,121.302118,
1369,臺東縣,TT-FFK-AP3,"4-東河鄉發富谷部落-TT-FFK-AP3",22.969133,121.303444,
1370,臺東縣,TT-FFK-AP4,"4-東河鄉發富谷部落-TT-FFK-AP4",22.968177,121.304782,
1371,臺東縣,TT-FFK-AP5,"4-東河鄉發富谷部落-TT-FFK-AP5",22.969659,121.30493,
1372,臺東縣,TT-FFK-AP6,"4-東河鄉發富谷部落-TT-FFK-AP6",22.970261,121.304523,
1373,臺東縣,TT-FFK-AP7,"4-東河鄉發富谷部落-TT-FFK-AP7",22.973098,121.30567,
1374,臺東縣,TT-HK-AP1,"4-成功鎮小港部落-TT-HK-AP1",23.157805,121.401047,
1375,臺東縣,TT-HK-AP2,"4-成功鎮小港部落-TT-HK-AP2",23.159289,121.401732,
1376,臺東縣,TT-HK-AP3,"4-成功鎮小港部落-TT-HK-AP3",23.15833,121.400612,
1377,臺東縣,TT-HK-AP4,"4-成功鎮小港部落-TT-HK-AP4",23.158248,121.400159,
1378,臺東縣,TT-KALW-AP1,"4-金峰鄉卡阿魯彎部落-TT-KALW-AP1",22.5945,120.9609,
1379,臺東縣,TT-KALW-AP2,"4-金峰鄉卡阿魯彎部落-TT-KALW-AP2",22.594199,120.962149,
1380,臺東縣,TT-KALW-AP3,"4-金峰鄉卡阿魯彎部落-TT-KALW-AP3",22.59786,120.96,
1381,臺東縣,TT-KALW-AP4,"4-金峰鄉卡阿魯彎部落-TT-KALW-AP4",22.59737,120.960372,
1382,臺東縣,TT-KALW-AP5,"4-金峰鄉卡阿魯彎部落-TT-KALW-AP5",22.598208,120.962253,
1383,臺東縣,TT-KALW-AP6,"4-金峰鄉卡阿魯彎部落-TT-KALW-AP6",22.59653,120.95754,
1384,臺東縣,TT-KALW-AP7,"4-金峰鄉卡阿魯彎部落-TT-KALW-AP7",22.596689,120.95986,
1385,臺東縣,TT-LD-AP1,"4-蘭嶼鄉朗島部落-TT-LD-AP1",22.078396,121.525809,
1386,臺東縣,TT-LD-AP2,"4-蘭嶼鄉朗島部落-TT-LD-AP2",22.078,121.5272,
1387,臺東縣,TT-LD-AP3,"4-蘭嶼鄉朗島部落-TT-LD-AP3",22.078505,121.530066,
1388,臺東縣,TT-LD-AP4,"4-蘭嶼鄉朗島部落-TT-LD-AP4",22.0791,121.5289,
1389,臺東縣,TT-LD-AP5,"4-蘭嶼鄉朗島部落-TT-LD-AP5",22.0787,121.5297,
1390,臺東縣,TT-LD-AP6,"4-蘭嶼鄉朗島部落-TT-LD-AP6",22.077829,121.527343,
1391,臺東縣,TT-LD-AP7,"4-蘭嶼鄉朗島部落-TT-LD-AP7",22.080891,121.524746,
1392,臺東縣,TT-LJ-AP1,"4-卑南鄉利嘉部落-TT-LJ-AP1",22.775699,121.06577,
1393,臺東縣,TT-LJ-AP2,"4-卑南鄉利嘉部落-TT-LJ-AP2",22.775207,121.065137,
1394,臺東縣,TT-LJ-AP3,"4-卑南鄉利嘉部落-TT-LJ-AP3",22.775068,121.065276,
1395,臺東縣,TT-LJ-AP4,"4-卑南鄉利嘉部落-TT-LJ-AP4",22.775927,121.064102,
1396,臺東縣,TT-LJ-AP5,"4-卑南鄉利嘉部落-TT-LJ-AP5",22.775192,121.063588,
1397,臺東縣,TT-LJ-AP6,"4-卑南鄉利嘉部落-TT-LJ-AP6",22.773693,121.063406,
1398,臺東縣,TT-LJ-AP7,"4-卑南鄉利嘉部落-TT-LJ-AP7",22.773555,121.063497,
1399,臺東縣,TT-LJ-AP8,"4-卑南鄉利嘉部落-TT-LJ-AP8",22.777004,121.064714,
1400,臺東縣,TT-LJ-AP9,"4-卑南鄉利嘉部落-TT-LJ-AP9",22.777908,121.065371,
1401,臺東縣,TT-MF-AP1,"4-成功鎮民豐部落-TT-MF-AP1",23.1037,121.3833,
1402,臺東縣,TT-MF-AP2,"4-成功鎮民豐部落-TT-MF-AP2",23.104,121.3829,
1403,臺東縣,TT-MF-AP3,"4-成功鎮民豐部落-TT-MF-AP3",23.103298,121.383516,
1404,臺東縣,TT-MF-AP4,"4-成功鎮民豐部落-TT-MF-AP4",23.103612,121.38257,
1405,臺東縣,TT-MS-AP1,"4-成功鎮美山部落-TT-MS-AP1",23.153547,121.397486,
1406,臺東縣,TT-MS-AP2,"4-成功鎮美山部落-TT-MS-AP2",23.153092,121.398223,
1407,臺東縣,TT-MS-AP3,"4-成功鎮美山部落-TT-MS-AP3",23.151234,121.397374,
1408,臺東縣,TT-MS-AP4,"4-成功鎮美山部落-TT-MS-AP4",23.151099,121.397296,
1409,臺東縣,TT-PANF-AP1,"4-東河鄉巴阿尼豐部落-TT-PANF-AP1",22.892031,121.247353,
1410,臺東縣,TT-PANF-AP2,"4-東河鄉巴阿尼豐部落-TT-PANF-AP2",22.89163,121.24788,
1411,臺東縣,TT-PANF-AP3,"4-東河鄉巴阿尼豐部落-TT-PANF-AP3",22.89323,121.247828,
1412,臺東縣,TT-PANF-AP4,"4-東河鄉巴阿尼豐部落-TT-PANF-AP4",22.892786,121.248583,
1413,臺東縣,TT-PANF-AP5,"4-東河鄉巴阿尼豐部落-TT-PANF-AP5",22.896152,121.248271,
1414,臺東縣,TT-PANF-AP6,"4-東河鄉巴阿尼豐部落-TT-PANF-AP6",22.895872,121.248725,
1415,臺東縣,TT-PHLA-AP1,"4-成功鎮比西里岸部落-TT-PHLA-AP1",23.126879,121.401867,
1416,臺東縣,TT-PHLA-AP2,"4-成功鎮比西里岸部落-TT-PHLA-AP2",23.128275,121.400282,
1417,臺東縣,TT-PHLA-AP3,"4-成功鎮比西里岸部落-TT-PHLA-AP3",23.130013,121.401104,
1418,臺東縣,TT-PHLA-AP4,"4-成功鎮比西里岸部落-TT-PHLA-AP4",23.130418,121.400421,
1419,臺東縣,TT-PHLA-AP5,"4-成功鎮比西里岸部落-TT-PHLA-AP5",23.130728,121.400175,
1420,臺東縣,TT-PHLA-AP6,"4-成功鎮比西里岸部落-TT-PHLA-AP6",23.130787,121.399939,
1421,臺東縣,TT-TC-AP1,"4-蘭嶼鄉東清部落-TT-TC-AP1",22.0579,121.5654,
1422,臺東縣,TT-TC-AP2,"4-蘭嶼鄉東清部落-TT-TC-AP2",22.057859,121.565077,
1423,臺東縣,TT-TC-AP3,"4-蘭嶼鄉東清部落-TT-TC-AP3",22.057801,121.564314,
1424,臺東縣,TT-TC-AP4,"4-蘭嶼鄉東清部落-TT-TC-AP4",22.05771,121.56433,
1425,臺東縣,TT-TC-AP5,"4-蘭嶼鄉東清部落-TT-TC-AP5",22.059567,121.567471,
1426,臺東縣,TT-TK-AP1,"4-關山鎮德高部落-TT-TK-AP1",23.0745,121.1774,
1427,臺東縣,TT-TK-AP2,"4-關山鎮德高部落-TT-TK-AP2",23.0757,121.1779,
1428,臺東縣,TT-TK-AP3,"4-關山鎮德高部落-TT-TK-AP3",23.0738,121.1794,
1429,臺東縣,TT-TK-AP4,"4-關山鎮德高部落-TT-TK-AP4",23.0746,121.1808,
1430,臺東縣,TT-TK-AP5,"4-關山鎮德高部落-TT-TK-AP5",23.0715,121.1738,
1431,臺東縣,TT-TK-AP6,"4-關山鎮德高部落-TT-TK-AP6",23.0727,121.1733,
1432,臺東縣,TT-WKA-AP1,"4-延平鄉瓦岡岸部落-TT-WKA-AP1",22.8937,121.0635,
1433,臺東縣,TT-WKA-AP2,"4-延平鄉瓦岡岸部落-TT-WKA-AP2",22.899277,121.066587,
1434,臺東縣,TT-WKA-AP3,"4-延平鄉瓦岡岸部落-TT-WKA-AP3",22.899819,121.067052,
1435,臺東縣,TT-WKA-AP4,"4-延平鄉瓦岡岸部落-TT-WKA-AP4",22.8996,121.0668,
1436,臺東縣,TT-LD-AP6,"4-蘭嶼鄉朗島部落-TT-LD-AP6",22.077829,121.527343,
1437,臺東縣,TT-LD-AP7,"4-蘭嶼鄉朗島部落-TT-LD-AP7",22.080891,121.524746,
